id,duracion_estadia,genero,edad,ninos,codigo_destino,tipo_acomodacion
1013321,2,F,38,0,US,
1009487,6,M,37,0,ES,
1002727,1,M,37,1,ES,
1001135,5,F,50,0,UK,
1000796,4,F,42,1,AR,
1010222,4,M,NA,1,PE,
1011737,2,F,40,0,US,
1003308,2,F,38,1,UK,
1005850,2,F,31,NA,ES,
1013201,3,M,37,0,NL,
1008138,1,F,43,0,PE,
1014026,5,M,34,0,NL,
1010153,5,F,46,1,NA,
1004882,3,F,36,1,US,
1011594,2,F,40,1,ES,
1001907,4,M,45,NA,ES,
1002676,1,F,22,0,PE,
1008795,3,F,33,1,AR,
1000188,4,M,41,1,US,
1013702,1,M,41,0,COL,
1009457,3,M,44,1,AR,
1011962,5,F,52,0,US,
1000209,3,F,41,1,COL,
1008909,4,F,41,0,US,
1006805,7,M,42,NA,UK,
1007870,3,M,41,1,NL,
1009270,5,F,41,0,ES,
1008728,3,F,39,0,AR,
1010894,4,F,39,0,PE,
1012619,2,F,37,0,IT,
1006850,2,M,29,1,PE,
1003315,4,M,43,1,NA,
1000192,3,M,44,1,US,
1005584,3,M,47,1,COL,
1003790,3,F,43,0,UK,
1009680,5,M,NA,0,ES,
1001458,3,F,36,1,PE,
1007176,5,F,35,1,US,
1004415,3,M,39,1,NL,
1011193,3,M,43,0,COL,
1010282,4,F,36,0,COL,
1001545,3,M,41,0,US,
1009576,4,M,55,1,UK,
1011789,2,F,40,0,AR,
1010010,5,M,31,1,ES,
1005727,6,F,42,0,IT,
1001486,5,F,37,0,NL,
1005501,3,M,51,0,IT,
1010374,3,M,39,1,PE,
1003533,4,F,37,1,NA,
1002773,4,M,53,1,PE,
1010945,4,F,44,0,NA,
1001055,6,M,NA,0,PE,
1011115,3,M,44,1,IT,
1000412,5,F,39,1,IT,
1008788,3,M,33,0,ES,
1012900,4,F,35,0,NA,
1004783,4,F,36,NA,COL,
1001828,6,M,45,0,UK,
1006281,4,F,46,0,AR,
1001924,3,M,43,0,COL,
1010614,3,M,46,0,US,
1008421,9,F,41,0,COL,
1010836,4,M,42,0,ES,
1005783,7,M,45,1,UK,
1002133,3,F,40,1,ES,
1009912,1,M,40,1,NL,
1003589,4,F,40,1,US,
1005546,4,F,37,0,NL,
1007858,4,M,41,1,PE,
1005505,3,F,42,0,PE,
1005295,2,F,47,1,US,
1006559,2,F,38,1,COL,
1006664,6,M,33,NA,NA,
1003286,3,M,48,0,NA,
1003321,3,M,41,1,AR,
1010162,4,F,40,1,PE,
1002059,5,F,48,1,PE,
1003865,7,M,29,0,IT,
1008555,3,M,41,0,ES,
1000200,2,M,49,1,US,
1006577,8,M,31,0,COL,
1004540,4,F,40,1,UK,
1008803,4,M,45,1,PE,
1009321,5,M,40,0,COL,
1008691,3,M,NA,1,PE,
1008984,3,F,35,0,AR,
1013085,3,M,43,1,US,
1009070,3,M,48,0,IT,
1007272,2,M,43,1,COL,
1006182,4,M,33,0,UK,
1004949,3,M,42,1,NL,
1008910,4,F,46,0,COL,
1012950,3,M,42,NA,PE,
1006914,11,M,38,1,UK,
1011396,4,M,47,NA,COL,
1010434,2,F,43,0,AR,
1009158,6,F,40,NA,COL,
1011363,3,M,45,1,IT,
1006893,3,F,40,NA,NA,
1007962,6,F,34,NA,US,
1000215,8,M,30,0,US,
1003618,2,F,39,0,US,
1007562,5,F,38,0,US,
1010099,3,M,36,1,UK,
1002871,3,F,40,0,UK,
1007446,5,M,43,0,ES,
1000951,1,F,44,0,COL,
1010881,2,M,41,NA,US,
1007362,2,M,43,NA,COL,
1008119,3,M,35,NA,COL,
1003747,3,M,41,1,AR,
1010156,7,M,45,1,AR,
1004026,2,M,37,0,UK,
1012384,3,F,33,0,AR,
1006892,3,M,40,1,NL,
1009811,5,M,NA,1,COL,
1001243,1,F,41,0,AR,
1010515,3,M,45,1,AR,
1003074,5,M,36,0,ES,
1009033,1,M,35,NA,AR,
1005547,5,F,43,0,NA,
1009847,3,F,37,NA,IT,
1000048,4,F,27,1,COL,
1005165,5,F,38,0,COL,
1013262,4,F,54,1,NL,
1013795,7,M,38,1,NA,
1012739,2,F,30,NA,IT,
1008828,4,M,40,0,IT,
1000511,1,M,39,0,NL,
1005167,7,M,44,1,ES,
1011685,4,M,43,0,ES,
1008143,3,M,43,1,US,
1010589,3,M,NA,NA,AR,
1005428,4,F,39,0,NA,
1013747,3,M,43,1,US,
1011435,5,F,48,1,COL,
1013672,3,M,54,0,COL,
1009235,5,F,39,1,COL,
1013634,9,M,43,1,ES,
1013373,1,F,NA,0,COL,
1009816,6,F,35,1,UK,
1000979,5,F,NA,1,NL,
1010926,5,M,41,1,COL,
1005599,1,M,47,0,IT,
1003641,6,M,48,0,US,
1007599,6,F,47,0,AR,
1003495,7,M,44,1,NL,
1002587,5,F,34,NA,IT,
1005338,2,M,41,0,COL,
1014051,2,M,40,1,IT,
1011168,3,M,57,1,US,
1003487,9,F,44,1,US,
1003284,6,F,46,1,UK,
1010021,2,M,41,1,AR,
1001101,3,M,38,1,UK,
1007960,5,F,45,1,UK,
1013681,2,F,34,0,IT,
1010343,2,F,37,1,PE,
1012894,3,F,48,1,NA,
1004210,5,F,39,1,UK,
1012774,3,M,39,1,COL,
1005067,4,M,38,0,US,
1011421,4,F,33,1,ES,
1002762,2,M,41,0,NL,
1013302,2,F,38,1,UK,
1004568,3,F,38,NA,ES,
1006958,4,M,43,1,AR,
1010483,1,M,45,1,IT,
1009464,11,M,46,0,AR,
1001543,4,F,39,1,IT,
1003672,7,M,39,NA,US,
1010599,2,F,51,1,NL,
1011349,4,F,39,1,UK,
1012654,3,M,42,0,IT,
1009466,4,M,39,0,NA,
1004685,4,M,35,0,AR,
1007502,5,F,47,0,UK,
1004599,5,F,NA,1,IT,
1013297,6,F,39,1,PE,
1003599,3,F,47,1,NA,
1013248,7,F,NA,0,AR,
1005527,2,F,39,1,COL,
1006220,4,M,37,0,PE,
1009382,4,M,45,0,UK,
1011393,3,M,39,0,UK,
1009893,2,M,50,1,IT,
1005606,6,F,41,1,UK,
1014080,4,F,34,1,COL,
1001767,3,F,40,1,AR,
1005469,6,M,41,0,NL,
1005681,1,M,35,0,ES,
1011103,3,M,44,1,NL,
1007419,1,M,48,0,ES,
1011145,7,M,35,NA,IT,
1001297,2,M,34,1,IT,
1009993,4,M,50,0,AR,
1013523,4,M,45,0,IT,
1005703,2,M,38,0,ES,
1011146,2,M,37,0,IT,
1005289,5,M,42,0,UK,
1010710,7,F,42,0,COL,
1005347,2,F,40,0,ES,
1001487,5,M,34,0,PE,
1007992,5,F,36,1,NL,
1006409,5,F,48,0,PE,
1010303,3,F,45,0,IT,
1004892,1,M,41,1,NA,
1001422,5,F,36,1,UK,
1013853,8,F,NA,NA,UK,
1007165,4,M,37,0,IT,
1000380,4,F,NA,0,NL,
1004093,4,M,36,1,AR,
1001155,2,M,50,1,PE,
1004292,1,F,44,0,IT,
1001556,3,M,33,1,NA,
1010570,2,F,37,1,NA,
1001509,5,M,39,1,NL,
1009579,3,M,48,1,UK,
1012877,3,F,45,1,NA,
1013107,5,F,35,1,COL,
1013968,5,M,34,0,NL,
1010131,6,F,41,0,AR,
1011232,2,F,NA,0,PE,
1011453,1,F,41,NA,NA,
1001093,3,M,37,1,PE,
1004644,3,M,36,NA,COL,
1000701,4,F,38,0,NA,
1003853,1,F,43,1,US,
1007969,5,F,NA,0,AR,
1007055,3,F,41,1,COL,
1009012,4,F,37,1,AR,
1010243,5,M,34,0,NL,
1000669,5,M,40,0,ES,
1010655,1,F,32,1,US,
1000356,4,M,39,0,NA,
1010750,2,M,45,1,ES,
1006149,2,F,36,1,AR,
1002274,6,F,32,0,PE,
1000517,5,M,35,0,ES,
1006416,8,F,43,NA,ES,
1002187,5,M,49,1,PE,
1002496,4,F,39,0,UK,
1000911,3,F,34,1,COL,
1005148,5,F,42,1,US,
1003915,3,F,42,1,IT,
1013938,3,F,36,0,IT,
1011113,3,F,35,0,AR,
1012253,3,M,46,1,ES,
1005969,2,M,NA,0,UK,
1005926,2,F,45,1,UK,
1003796,2,M,40,0,NL,
1001511,4,M,42,1,US,
1000169,3,F,43,NA,US,
1001281,2,F,40,1,ES,
1011361,5,M,41,1,AR,
1002514,3,M,47,NA,AR,
1006439,2,F,36,0,AR,
1005913,3,F,37,1,ES,
1006512,4,M,34,NA,UK,
1000927,5,F,33,1,IT,
1008887,1,M,43,1,NA,
1006767,2,M,NA,1,AR,
1003250,2,M,38,1,IT,
1007216,7,M,45,0,IT,
1003943,3,M,NA,0,COL,
1007688,6,M,42,1,UK,
1001331,3,M,35,0,UK,
1003247,4,F,41,1,ES,
1002704,3,F,38,1,NA,
1009832,6,F,42,0,PE,
1009954,6,M,41,0,NA,
1011734,3,F,NA,0,UK,
1003516,3,M,33,0,PE,
1005506,3,F,41,1,IT,
1007557,3,M,36,1,AR,
1005463,5,F,46,1,US,
1010009,3,M,NA,0,PE,
1004990,5,F,36,1,PE,
1001713,3,F,34,0,IT,
1006898,4,F,38,NA,NA,
1009336,3,F,36,1,AR,
1008685,4,M,41,1,NA,
1010649,3,M,46,1,ES,
1004129,4,F,44,NA,UK,
1009368,3,F,45,1,PE,
1009870,5,M,35,0,ES,
1007944,4,F,39,1,US,
1000583,4,F,43,0,PE,
1012657,3,F,42,0,IT,
1001000,3,F,NA,1,IT,
1001005,3,F,40,0,US,
1008538,4,F,34,0,ES,
1003906,2,M,36,1,NL,
1004325,4,F,50,0,IT,
1001277,1,M,42,NA,AR,
1009582,2,M,45,1,NL,
1013559,2,M,40,1,ES,
1005080,10,F,34,0,COL,
1007537,1,F,33,NA,PE,
1010019,5,M,40,NA,NA,
1010885,3,F,45,0,NL,
1011562,5,M,47,1,US,
1005325,3,M,42,NA,AR,
1000255,3,M,42,1,ES,
1011528,6,M,41,0,AR,
1012972,2,F,29,NA,PE,
1002630,7,F,44,1,ES,
1004832,6,M,39,0,NA,
1002644,4,M,40,1,ES,
1010271,4,F,46,0,UK,
1013121,4,M,36,1,NL,
1008554,6,F,NA,0,UK,
1005644,4,M,39,NA,UK,
1004897,8,F,NA,NA,US,
1004000,6,F,42,NA,AR,
1001030,8,F,31,0,NL,
1007664,3,M,44,1,US,
1012673,4,M,39,1,NA,
1011778,2,M,41,1,COL,
1004549,2,F,34,0,PE,
1011960,5,M,47,1,IT,
1002008,2,M,NA,0,NL,
1001883,3,F,46,1,NA,
1005929,3,F,33,NA,ES,
1013564,3,M,43,1,AR,
1012971,1,F,NA,0,IT,
1007331,2,M,45,0,US,
1006649,6,F,NA,0,COL,
1008393,5,M,NA,0,COL,
1000325,2,M,38,0,UK,
1000606,3,F,44,0,ES,
1002315,1,F,34,1,US,
1003222,2,M,36,1,ES,
1008838,5,F,NA,0,ES,
1001098,10,F,37,1,US,
1008807,3,M,35,0,UK,
1007202,10,F,44,0,ES,
1006178,6,M,38,0,NA,
1001647,3,F,43,1,AR,
1000421,2,M,32,1,NL,
1006682,3,F,42,0,US,
1002824,3,F,36,0,AR,
1003988,3,M,44,0,NA,
1004527,5,M,37,NA,UK,
1004076,2,F,37,1,US,
1006192,1,M,36,1,US,
1013237,4,F,44,NA,NA,
1000852,5,M,37,1,IT,
1013305,2,M,42,0,US,
1005277,1,M,42,1,IT,
1009936,6,F,36,0,ES,
1006731,2,M,45,0,NA,
1007381,5,F,39,0,US,
1009855,3,F,40,0,ES,
1007184,2,F,29,1,PE,
1004215,4,F,36,1,PE,
1001338,5,M,42,1,COL,
1009994,3,M,31,1,AR,
1009240,3,F,43,0,UK,
1006408,5,F,31,NA,IT,
1008678,3,F,40,0,AR,
1012507,4,F,40,1,US,
1002933,1,F,42,0,IT,
1008189,3,M,35,NA,ES,
1000408,4,F,36,0,AR,
1014054,3,M,45,1,UK,
1007209,6,F,41,0,ES,
1001244,3,F,42,1,UK,
1012967,4,M,42,1,NA,
1003360,5,M,38,0,US,
1009401,4,F,41,1,NA,
1003530,3,M,41,NA,AR,
1006343,4,M,34,1,AR,
1007488,4,M,41,0,NL,
1008159,4,F,40,0,NA,
1004287,4,M,39,1,NL,
1014030,2,M,40,NA,AR,
1006222,7,M,42,1,AR,
1008403,6,M,43,1,NA,
1004455,3,M,NA,1,IT,
1012240,2,M,NA,0,COL,
1003225,5,M,39,1,IT,
1002864,4,F,NA,1,US,
1006158,2,F,40,0,PE,
1009089,6,F,29,1,NL,
1005636,5,F,41,1,ES,
1009957,3,M,NA,0,UK,
1002184,2,F,40,0,PE,
1010713,1,M,39,0,NA,
1003831,4,M,NA,1,US,
1003129,4,F,31,0,US,
1002712,3,F,42,1,US,
1008729,8,F,42,0,NA,
1003458,9,M,42,1,NL,
1008876,4,F,48,1,COL,
1012676,2,F,49,NA,NL,
1002389,6,M,36,0,NA,
1006959,2,F,39,1,COL,
1008353,4,M,33,1,NL,
1007151,3,M,NA,1,IT,
1000229,1,M,46,NA,ES,
1003172,4,M,38,0,UK,
1003898,6,F,44,1,UK,
1010258,4,M,39,0,IT,
1010527,3,F,43,0,UK,
1007632,6,M,37,NA,UK,
1011334,3,F,36,1,US,
1000139,2,M,46,1,ES,
1012591,5,F,38,NA,PE,
1013781,1,F,37,0,COL,
1008232,3,F,48,0,IT,
1001103,3,M,36,1,COL,
1005121,5,F,29,0,UK,
1005262,4,M,40,0,US,
1003461,4,M,33,NA,IT,
1001819,2,F,35,NA,IT,
1009733,4,F,43,0,UK,
1007913,6,M,36,0,ES,
1004344,2,F,40,0,PE,
1001785,5,M,45,0,NL,
1010772,3,M,35,1,COL,
1002643,5,M,NA,NA,IT,
1004827,3,M,39,1,ES,
1007357,2,M,34,0,US,
1002708,2,F,41,1,IT,
1000849,8,M,41,1,AR,
1007690,3,F,43,1,NL,
1012636,5,F,39,0,UK,
1007821,5,F,NA,1,ES,
1009830,4,M,37,0,UK,
1008628,4,M,39,1,US,
1010513,5,F,NA,0,ES,
1004137,9,M,35,1,US,
1001165,3,M,30,0,US,
1000563,5,F,49,0,IT,
1008704,4,F,43,0,UK,
1000105,3,F,39,0,AR,
1006725,6,M,46,0,PE,
1007635,5,M,37,0,COL,
1009028,6,M,35,1,US,
1000234,3,F,31,1,NL,
1001355,4,M,39,1,NA,
1005608,4,F,29,1,ES,
1012295,5,F,43,1,COL,
1012727,4,M,37,0,ES,
1005714,2,M,44,1,COL,
1009932,4,M,40,1,NL,
1012512,4,M,33,1,IT,
1011239,9,F,45,NA,NA,
1012229,4,M,52,0,UK,
1010393,1,M,44,1,UK,
1001334,4,M,46,0,NA,
1010956,4,M,40,1,US,
1005445,4,M,38,1,ES,
1008952,4,F,41,1,ES,
1000417,4,M,44,1,UK,
1013254,7,M,39,1,NL,
1002119,6,F,34,1,AR,
1005583,3,M,37,1,UK,
1003453,7,F,36,0,ES,
1009959,3,M,42,1,IT,
1000047,3,F,32,1,NL,
1011220,4,M,39,1,US,
1002758,3,M,46,0,NL,
1011922,4,M,45,1,COL,
1010567,2,M,37,NA,IT,
1012244,2,M,43,NA,AR,
1003057,6,M,38,1,ES,
1011377,6,M,44,NA,AR,
1010720,4,F,NA,1,IT,
1007174,2,M,37,0,NA,
1009976,5,F,40,1,NL,
1004741,4,F,38,0,UK,
1008762,4,M,41,0,US,
1002251,2,F,49,1,UK,
1010276,1,M,38,1,UK,
1007265,3,M,40,1,AR,
1004022,7,M,34,0,NA,
1013571,2,M,NA,1,NL,
1001664,1,F,33,1,PE,
1004591,6,F,52,0,PE,
1008218,5,F,39,1,ES,
1003098,4,F,30,1,AR,
1000918,2,M,44,0,ES,
1006918,1,M,NA,0,UK,
1006592,4,M,41,0,PE,
1004817,2,F,40,1,NA,
1004572,8,F,48,0,ES,
1006074,6,F,30,0,PE,
1011795,4,F,NA,0,NL,
1001916,3,M,42,NA,COL,
1007248,3,M,40,1,ES,
1009629,6,F,42,1,PE,
1011553,6,F,35,0,US,
1000519,8,M,37,0,COL,
1008875,5,F,40,0,PE,
1010882,4,M,36,NA,AR,
1008715,4,M,32,1,PE,
1012816,6,F,47,NA,US,
1001264,3,M,NA,0,US,
1001352,5,F,45,1,PE,
1008026,2,M,40,1,COL,
1004351,3,F,36,NA,US,
1002995,3,F,40,0,PE,
1007866,4,F,33,1,UK,
1005252,4,M,35,1,NA,
1009187,5,F,52,NA,US,
1001462,2,M,45,1,NL,
1011725,7,F,41,0,AR,
1004764,4,M,39,1,ES,
1009854,4,M,41,1,AR,
1005632,5,F,43,1,PE,
1008380,5,M,37,1,NL,
1008171,4,M,40,0,UK,
1011539,4,M,NA,0,NA,
1002101,4,F,42,1,ES,
1008360,1,M,34,0,PE,
1012241,1,M,40,0,PE,
1007548,5,F,33,0,ES,
1000985,4,F,42,0,COL,
1000600,1,M,43,1,ES,
1002778,4,M,34,0,NL,
1011286,4,F,46,0,AR,
1002385,4,F,40,NA,NA,
1002241,2,M,31,NA,ES,
1013459,1,M,NA,1,NL,
1013311,3,M,41,1,COL,
1010843,2,M,32,1,US,
1003343,2,F,43,1,IT,
1008873,4,F,44,1,COL,
1008501,2,M,47,1,IT,
1002603,4,M,NA,1,UK,
1012503,3,F,43,0,IT,
1006505,2,F,46,1,US,
1013067,4,F,43,1,NL,
1007922,5,M,45,1,IT,
1001656,6,F,31,1,COL,
1002336,4,M,51,1,IT,
1005195,2,F,41,1,COL,
1006365,4,F,39,1,ES,
1009577,8,F,NA,1,US,
1001309,5,F,39,0,AR,
1002963,4,F,31,1,AR,
1012479,1,M,46,NA,NA,
1010645,2,F,36,1,ES,
1006356,6,F,32,NA,AR,
1007616,2,F,38,0,PE,
1011179,7,F,40,1,COL,
1006790,5,M,46,0,NL,
1007145,6,F,42,0,UK,
1001430,2,F,39,1,UK,
1001611,4,M,37,0,IT,
1010437,4,M,43,1,IT,
1003221,1,F,NA,1,ES,
1010990,3,F,33,0,NL,
1002979,1,F,34,0,US,
1005119,2,F,40,NA,AR,
1007981,3,F,43,0,PE,
1013867,3,F,31,0,ES,
1008823,3,F,37,1,COL,
1005695,7,M,52,0,PE,
1007784,7,M,39,1,US,
1004611,5,F,35,1,ES,
1004666,2,M,NA,0,AR,
1007694,4,F,38,1,COL,
1004983,6,F,37,0,PE,
1013670,1,M,44,1,ES,
1009512,8,F,45,1,NA,
1000916,4,F,42,0,PE,
1011414,3,M,41,1,COL,
1009990,5,F,NA,1,NL,
1003521,3,F,32,NA,ES,
1012906,5,M,46,0,UK,
1011930,2,F,NA,0,PE,
1013573,6,M,44,1,US,
1004809,5,M,42,1,NA,
1001998,9,F,NA,1,COL,
1003711,5,M,31,0,NL,
1009812,5,M,39,0,COL,
1008115,5,F,NA,0,COL,
1012567,4,F,43,NA,NA,
1013140,4,M,29,1,PE,
1002299,5,M,NA,1,US,
1001026,8,M,31,0,NL,
1006872,3,F,39,0,AR,
1009029,5,M,40,1,COL,
1013435,5,M,35,0,ES,
1012469,4,M,NA,0,IT,
1001113,2,M,NA,0,NL,
1003885,6,F,38,1,ES,
1001985,4,M,41,1,COL,
1002873,5,F,37,0,NA,
1005098,4,F,39,1,AR,
1007982,5,M,35,1,AR,
1007191,1,M,36,1,ES,
1013761,4,F,45,1,PE,
1010955,1,M,43,0,IT,
1008478,5,M,45,0,NA,
1007585,1,F,40,1,ES,
1000126,2,M,47,NA,ES,
1001292,2,F,49,0,ES,
1003499,2,F,43,0,NL,
1007164,5,F,39,0,NL,
1007370,6,M,48,NA,COL,
1011932,5,M,34,1,IT,
1001841,5,F,43,1,ES,
1011020,6,M,36,1,PE,
1013942,6,F,37,1,NA,
1006307,4,M,47,0,US,
1009662,6,M,43,1,ES,
1007574,6,M,39,0,UK,
1006304,3,M,41,1,IT,
1004515,1,F,40,1,PE,
1010289,4,M,NA,0,COL,
1012720,3,F,34,0,IT,
1013441,5,M,43,0,NL,
1003603,5,F,NA,1,UK,
1006616,3,F,41,NA,IT,
1008124,4,M,46,1,US,
1004913,3,F,NA,0,AR,
1000532,4,F,43,1,AR,
1011739,3,F,43,1,AR,
1011008,4,M,50,0,ES,
1005274,4,M,39,1,COL,
1002749,6,M,40,1,COL,
1006990,4,M,45,1,COL,
1009353,5,F,39,1,COL,
1002808,5,M,44,0,NA,
1004795,5,F,42,0,AR,
1002638,1,M,47,0,COL,
1000924,4,M,37,0,UK,
1001900,4,M,NA,1,AR,
1002207,3,M,42,NA,PE,
1003133,3,F,22,0,UK,
1012846,2,M,NA,1,NL,
1007997,5,M,42,NA,AR,
1014039,4,F,39,0,COL,
1005899,5,M,42,NA,AR,
1012143,4,M,43,1,IT,
1011730,4,M,NA,0,US,
1007666,5,M,41,0,NL,
1013043,5,M,44,NA,NL,
1010397,2,F,40,0,NL,
1012413,4,F,NA,1,COL,
1004193,6,F,37,0,NL,
1009370,1,M,37,1,UK,
1012889,2,F,30,1,ES,
1001027,3,M,44,1,AR,
1006039,2,F,48,0,IT,
1008291,4,M,39,0,NL,
1004655,3,F,NA,0,ES,
1011648,3,M,46,NA,AR,
1005455,2,M,45,1,PE,
1010987,4,M,37,1,NL,
1010629,1,M,41,0,AR,
1004072,7,F,44,0,ES,
1002548,6,M,40,1,IT,
1001972,4,M,42,0,NA,
1001546,3,M,43,0,COL,
1006329,2,M,51,0,NA,
1006253,4,F,36,0,AR,
1004269,4,M,38,0,COL,
1010385,5,M,NA,0,AR,
1005457,2,M,32,1,ES,
1000355,2,F,42,0,UK,
1011409,4,M,NA,NA,NL,
1007909,3,F,43,0,US,
1003784,4,M,45,0,PE,
1001973,3,M,44,1,US,
1009333,6,M,NA,0,US,
1009386,3,M,43,1,NL,
1011934,2,F,46,0,US,
1008431,3,M,41,1,ES,
1002303,4,M,39,1,AR,
1003512,2,M,39,1,US,
1002810,8,F,33,NA,IT,
1012533,3,M,NA,1,NA,
1006626,4,M,NA,0,NA,
1013406,3,F,37,1,ES,
1009738,5,F,39,1,ES,
1000300,2,M,46,0,UK,
1005472,3,F,32,1,NA,
1012768,8,M,41,1,NL,
1006202,5,M,39,0,UK,
1009740,2,F,34,1,ES,
1012459,6,M,48,0,NL,
1011838,3,M,49,1,US,
1003479,4,F,44,NA,COL,
1009578,4,F,43,NA,AR,
1007647,3,M,46,0,AR,
1006354,6,F,51,0,NA,
1013554,6,M,47,1,ES,
1007845,2,M,42,NA,NA,
1005303,3,M,32,0,ES,
1012118,1,M,43,NA,AR,
1012509,4,F,35,1,IT,
1007348,2,M,NA,0,NA,
1002732,5,F,40,0,IT,
1003981,2,M,35,1,NL,
1011878,5,F,38,0,NA,
1012662,5,F,42,0,NL,
1005575,1,M,37,1,IT,
1012797,4,M,NA,0,NL,
1003708,6,F,41,1,PE,
1007142,4,F,45,1,UK,
1002015,2,F,38,1,US,
1011829,2,M,40,1,PE,
1002866,3,F,43,1,COL,
1002822,5,M,42,1,PE,
1009116,4,M,43,0,IT,
1003087,3,F,33,1,COL,
1007628,4,F,46,1,COL,
1006096,5,F,46,0,PE,
1010817,4,F,36,1,PE,
1006131,3,F,NA,0,US,
1011847,6,F,NA,0,US,
1012080,5,F,39,1,NA,
1011114,3,M,NA,0,UK,
1013979,3,M,39,1,UK,
1010806,10,M,47,0,COL,
1013168,7,F,46,0,IT,
1013304,4,M,34,0,NL,
1012892,3,F,42,1,ES,
1012766,4,M,39,1,US,
1003408,1,M,37,0,UK,
1012708,2,M,45,0,NA,
1004836,1,M,42,0,COL,
1005791,6,M,39,1,PE,
1000513,3,F,51,0,ES,
1001684,7,F,40,0,NA,
1002196,5,F,50,NA,UK,
1012760,4,M,42,NA,UK,
1009185,6,F,48,0,NL,
1001746,4,F,40,0,NA,
1010732,3,M,32,1,US,
1014016,4,M,44,0,ES,
1007334,2,F,NA,1,ES,
1004031,1,F,43,1,US,
1000779,4,F,NA,0,ES,
1012184,1,F,NA,1,US,
1008045,4,M,33,1,UK,
1011618,5,M,48,0,NL,
1002682,3,F,44,0,AR,
1001625,2,M,NA,0,UK,
1011717,3,F,37,0,UK,
1001797,3,M,40,0,COL,
1001734,4,F,48,1,UK,
1003731,2,F,45,1,AR,
1013181,3,M,43,0,IT,
1007390,4,F,49,0,NL,
1002190,4,M,37,NA,NA,
1011893,4,F,40,1,UK,
1012498,3,F,NA,1,US,
1001455,6,F,34,NA,COL,
1013714,3,F,43,0,AR,
1008789,3,M,40,1,ES,
1000726,3,F,NA,0,NA,
1009060,5,M,46,NA,US,
1005341,2,M,45,1,PE,
1004639,3,F,NA,NA,UK,
1012510,2,M,40,1,PE,
1013228,3,F,34,0,NA,
1003266,3,M,41,0,IT,
1006087,3,M,47,0,ES,
1013614,7,F,41,1,COL,
1002713,2,M,NA,0,NL,
1011859,5,F,41,0,ES,
1008562,4,F,47,0,NA,
1012639,5,F,44,1,US,
1003433,3,F,34,1,COL,
1008179,3,F,33,0,US,
1011466,1,M,NA,1,US,
1003052,3,F,45,0,COL,
1004996,6,F,35,0,ES,
1001107,4,M,48,0,NL,
1013259,4,F,34,1,ES,
1008068,2,M,32,1,IT,
1010299,4,M,35,1,AR,
1003322,6,M,39,1,IT,
1005836,3,M,NA,1,NA,
1008069,2,F,46,1,ES,
1003857,3,F,39,1,US,
1007274,5,M,41,NA,US,
1003398,3,M,36,1,NL,
1011867,5,F,38,1,IT,
1013560,2,F,34,1,NA,
1012281,5,F,43,1,IT,
1000254,3,F,41,1,AR,
1001680,1,M,41,0,ES,
1013073,1,F,49,0,NL,
1012007,4,F,38,1,UK,
1007389,5,M,36,0,ES,
1010870,4,F,42,0,NA,
1002122,6,F,35,0,ES,
1006640,5,F,NA,NA,ES,
1006529,7,F,42,0,US,
1008055,5,F,46,NA,PE,
1001286,3,F,41,NA,PE,
1012924,1,M,40,1,UK,
1002097,5,F,31,1,AR,
1008673,4,F,NA,1,PE,
1004589,4,M,41,1,NL,
1003034,4,F,51,0,AR,
1013040,4,F,40,0,UK,
1010186,6,F,47,0,IT,
1006245,3,M,46,0,US,
1008202,2,F,30,1,ES,
1004161,6,M,38,0,COL,
1010503,5,M,44,0,NL,
1001949,4,M,37,1,NL,
1014040,6,F,35,1,ES,
1010755,5,F,39,0,ES,
1000880,4,F,34,1,PE,
1003353,2,M,42,1,AR,
1010590,2,F,43,0,UK,
1012781,2,M,29,1,NA,
1007977,3,M,50,1,COL,
1002955,5,M,38,0,US,
1011566,7,F,44,0,AR,
1009152,1,F,43,1,UK,
1004790,3,M,32,0,IT,
1012908,5,M,36,0,NL,
1002585,3,M,NA,0,AR,
1011600,4,M,50,NA,UK,
1008470,7,F,45,1,COL,
1012771,5,M,40,1,AR,
1002159,5,M,41,0,COL,
1002321,2,M,NA,1,PE,
1009017,1,F,40,1,NL,
1001636,5,M,35,0,PE,
1002524,4,F,42,0,AR,
1013546,2,M,NA,1,PE,
1006989,4,F,48,0,COL,
1012537,4,F,30,0,NA,
1005533,3,M,43,0,ES,
1005829,5,M,47,0,US,
1004181,5,M,NA,0,PE,
1007750,3,F,40,0,AR,
1008717,4,M,30,NA,IT,
1008274,3,M,33,0,UK,
1003484,5,F,34,0,COL,
1004564,1,F,30,1,NL,
1006991,2,M,40,1,NL,
1004884,3,F,40,1,ES,
1003591,5,F,51,0,NA,
1000458,5,F,48,1,AR,
1005597,4,M,44,1,AR,
1010759,8,F,31,0,ES,
1009410,3,F,37,0,AR,
1009256,6,M,35,0,PE,
1011928,4,F,NA,1,UK,
1013651,1,M,43,0,PE,
1009969,3,M,48,0,UK,
1003186,5,M,48,1,PE,
1007052,4,F,38,0,NL,
1002767,6,F,48,1,US,
1007127,5,F,42,0,NA,
1006621,6,F,40,0,US,
1004118,10,M,39,0,AR,
1001700,1,F,44,1,COL,
1004122,4,F,47,0,PE,
1008418,3,M,45,1,UK,
1011410,6,M,36,1,COL,
1007831,2,M,32,0,NA,
1007560,4,M,43,1,NA,
1006650,4,M,35,1,US,
1005831,7,F,40,1,US,
1005245,8,F,43,NA,UK,
1003243,3,M,42,1,PE,
1014045,3,M,38,1,AR,
1013414,5,F,39,1,AR,
1013291,3,M,NA,1,UK,
1011880,4,M,44,0,IT,
1012737,2,M,40,1,US,
1003429,3,F,41,1,NL,
1011068,7,M,38,1,COL,
1004617,4,F,39,1,COL,
1007017,6,F,37,NA,AR,
1008658,3,F,41,NA,AR,
1009068,4,M,NA,0,IT,
1012809,6,F,44,1,IT,
1014009,6,F,34,1,IT,
1001910,2,F,36,1,NA,
1004213,7,M,44,1,NL,
1010301,3,M,43,0,NL,
1005743,4,F,34,1,US,
1002869,5,F,NA,0,IT,
1004725,2,M,NA,1,ES,
1008464,4,M,44,1,COL,
1000851,4,M,42,0,COL,
1001534,6,F,38,1,IT,
1002715,6,M,35,1,COL,
1006953,5,M,37,0,NL,
1011567,3,M,NA,0,IT,
1008018,4,F,42,0,AR,
1007448,8,F,42,NA,PE,
1001368,3,F,45,NA,NL,
1004094,3,M,43,0,COL,
1010846,4,M,45,0,US,
1009895,4,F,40,1,COL,
1011666,4,M,45,0,PE,
1009290,3,M,35,1,PE,
1011267,7,F,41,1,AR,
1000885,4,F,36,1,COL,
1001955,5,F,43,1,UK,
1001034,3,M,41,1,PE,
1005912,2,F,38,1,UK,
1009896,9,M,45,1,UK,
1008640,3,F,36,0,IT,
1001280,3,M,44,1,AR,
1008217,3,M,NA,1,AR,
1006940,5,M,44,0,ES,
1006769,3,M,46,1,ES,
1007980,2,M,38,0,PE,
1002172,4,M,40,0,UK,
1008896,2,M,40,0,US,
1003670,4,M,45,0,ES,
1009987,6,F,42,1,US,
1001570,5,F,42,0,PE,
1009379,8,M,42,1,PE,
1003312,4,F,39,NA,ES,
1006414,3,F,31,NA,PE,
1000997,8,M,41,0,AR,
1011660,2,F,40,0,PE,
1005485,5,M,35,0,AR,
1007118,4,M,44,NA,COL,
1009538,4,M,45,0,COL,
1005388,2,F,37,1,IT,
1002457,4,M,40,NA,UK,
1006756,2,M,46,0,COL,
1005146,6,M,43,1,US,
1013110,3,M,44,0,US,
1013819,4,F,50,0,UK,
1010914,6,M,45,0,UK,
1003911,5,F,40,1,COL,
1011478,3,F,NA,1,AR,
1002962,4,F,36,1,PE,
1008346,3,M,44,0,AR,
1005915,4,F,42,0,NL,
1002688,3,F,38,0,ES,
1008494,4,F,41,0,IT,
1010450,2,F,48,0,NL,
1009863,7,M,36,0,NA,
1000935,5,F,44,1,NL,
1012584,2,F,NA,0,PE,
1008731,7,F,42,0,IT,
1009390,2,M,35,0,IT,
1000875,5,M,27,0,UK,
1003765,3,M,40,0,NL,
1013954,4,F,46,1,NL,
1003454,3,F,37,1,NL,
1002601,3,M,49,1,PE,
1009663,8,M,NA,1,ES,
1012191,4,M,48,0,IT,
1005390,6,M,37,0,NA,
1001002,2,F,38,1,IT,
1013082,2,M,39,NA,IT,
1012399,5,F,46,0,NA,
1011552,7,M,34,1,COL,
1000405,4,F,46,0,COL,
1013579,4,F,37,0,COL,
1008276,4,F,42,1,ES,
1011509,3,F,44,0,AR,
1007073,6,M,46,0,UK,
1002158,4,M,37,1,IT,
1002549,3,M,NA,1,NA,
1000426,3,M,38,1,NA,
1007816,5,F,40,0,ES,
1003845,4,M,39,0,NA,
1005442,7,F,45,0,AR,
1012764,3,M,NA,1,ES,
1012700,2,M,41,0,PE,
1005115,5,F,43,0,PE,
1006687,5,M,44,0,UK,
1008597,7,M,36,1,NA,
1012792,1,F,36,0,US,
1005268,2,M,38,1,PE,
1006030,3,F,NA,0,UK,
1001721,5,F,44,1,US,
1008054,4,M,37,0,IT,
1003406,5,F,44,0,IT,
1008369,4,M,NA,1,US,
1001520,3,F,41,1,COL,
1000472,4,F,33,1,AR,
1008667,3,M,39,NA,COL,
1007567,2,M,35,1,UK,
1008278,3,F,40,1,US,
1004509,3,M,48,1,ES,
1013193,3,F,42,1,AR,
1004204,4,F,40,0,IT,
1007796,6,F,43,1,NA,
1000820,5,M,40,1,IT,
1011513,1,M,35,1,NL,
1012555,3,M,44,0,UK,
1002818,3,F,30,0,ES,
1009848,5,F,39,1,UK,
1013763,3,M,42,1,COL,
1008791,2,M,41,0,NL,
1009219,2,M,44,0,NA,
1006454,5,F,44,1,IT,
1008229,3,M,37,NA,US,
1008583,4,M,44,0,PE,
1002545,5,M,37,1,ES,
1012623,4,F,39,1,NL,
1012226,7,F,43,0,UK,
1003093,4,M,45,1,NL,
1005208,2,F,41,1,AR,
1003063,5,F,30,1,AR,
1010579,4,M,NA,1,COL,
1004805,3,F,39,1,US,
1004548,4,F,38,NA,US,
1002893,3,F,44,0,US,
1003384,3,F,31,1,NA,
1003871,3,F,38,0,ES,
1006711,7,F,36,0,US,
1006686,3,M,41,NA,IT,
1012303,4,F,40,0,COL,
1002216,8,M,37,0,AR,
1003377,4,F,37,0,AR,
1001710,6,F,40,0,NL,
1002910,4,M,29,0,NL,
1006901,4,F,35,0,IT,
1002850,3,F,48,0,ES,
1003467,3,F,39,1,NL,
1003044,1,M,42,1,ES,
1007477,5,F,39,0,IT,
1000043,2,M,41,1,UK,
1008839,9,M,42,1,ES,
1013089,7,M,NA,0,PE,
1005218,3,F,41,0,US,
1012333,4,F,42,1,ES,
1006907,4,M,42,1,ES,
1000307,8,M,42,0,NL,
1000232,3,F,41,0,UK,
1001118,4,M,45,1,IT,
1005819,5,F,41,1,NL,
1000863,3,M,45,NA,US,
1008880,3,M,29,0,IT,
1000337,4,F,34,1,AR,
1001775,2,M,51,0,ES,
1003515,3,M,40,1,US,
1001190,5,M,37,0,NL,
1005482,4,M,46,1,UK,
1008923,4,F,48,NA,IT,
1007817,2,M,43,NA,NA,
1010049,6,M,45,1,NA,
1003188,4,F,38,NA,IT,
1013451,4,F,49,0,COL,
1000376,6,M,36,1,NA,
1008288,3,F,34,1,IT,
1008293,7,M,40,1,AR,
1006591,4,M,35,0,ES,
1005086,2,M,36,0,PE,
1011896,4,M,46,1,NA,
1012931,4,F,NA,1,AR,
1006444,2,M,43,0,NA,
1013971,4,M,41,0,NA,
1013156,4,F,40,1,UK,
1007324,7,M,49,1,PE,
1010130,3,M,31,1,ES,
1009425,10,M,39,0,NL,
1008622,5,M,43,NA,ES,
1006573,6,M,50,1,IT,
1011586,5,M,47,0,US,
1004797,5,F,41,1,UK,
1011028,3,F,41,0,NL,
1008735,2,M,42,1,UK,
1006527,1,M,28,NA,UK,
1009308,4,M,45,0,NA,
1011182,1,F,42,1,COL,
1001843,4,M,33,1,NA,
1014060,5,F,40,1,UK,
1002144,3,M,NA,0,ES,
1006950,4,F,49,1,ES,
1010867,4,F,37,1,COL,
1007036,5,M,38,0,IT,
1009239,7,M,38,1,PE,
1006421,1,M,41,0,ES,
1001470,4,M,42,0,IT,
1000480,4,F,43,NA,AR,
1011803,4,F,47,1,NL,
1001579,4,F,41,1,ES,
1007421,5,F,30,1,UK,
1000715,3,M,42,0,IT,
1011663,4,F,43,1,PE,
1003295,2,F,35,0,UK,
1013335,3,M,41,0,US,
1013734,4,F,36,1,UK,
1013241,3,M,43,0,PE,
1004734,4,M,44,1,IT,
1005746,4,F,35,1,PE,
1006766,2,F,35,0,UK,
1002372,2,F,33,NA,NA,
1013325,2,F,34,NA,ES,
1002005,2,F,43,NA,ES,
1005214,6,M,NA,1,NA,
1009706,7,M,41,1,NA,
1006065,5,F,47,0,NA,
1013620,2,M,32,0,IT,
1012843,4,M,NA,0,US,
1001389,3,F,NA,1,UK,
1010856,4,F,45,0,NL,
1001983,3,F,50,0,UK,
1013724,2,M,43,1,PE,
1000452,3,F,43,1,ES,
1006762,6,F,43,1,AR,
1008636,2,F,32,1,US,
1004265,4,F,36,NA,AR,
1002160,4,M,41,1,NL,
1006674,3,F,38,0,NA,
1002522,3,M,45,0,PE,
1000786,3,F,41,0,NL,
1013857,8,F,33,1,ES,
1002722,2,M,NA,1,IT,
1009381,5,M,NA,0,NA,
1008442,3,M,NA,0,AR,
1003350,2,F,44,0,IT,
1010234,6,F,37,1,NL,
1010082,6,F,38,0,IT,
1003614,1,M,37,1,US,
1008720,5,F,35,1,US,
1012745,5,F,39,0,NL,
1013264,3,M,37,0,COL,
1011034,4,M,25,1,IT,
1001777,4,M,29,0,PE,
1005396,5,F,44,1,PE,
1013424,4,M,48,0,NA,
1001808,3,F,44,0,ES,
1008776,7,M,43,0,UK,
1002610,4,M,44,1,US,
1008725,7,F,43,1,US,
1004212,4,M,34,0,PE,
1005156,3,F,43,1,NA,
1000409,4,F,37,1,UK,
1009669,2,F,48,0,US,
1004852,5,F,NA,1,US,
1005408,5,M,NA,1,PE,
1009229,5,M,45,1,AR,
1000566,4,M,45,NA,UK,
1008238,4,F,46,0,AR,
1007861,4,F,44,0,NL,
1009929,5,F,48,1,UK,
1010364,2,M,40,1,AR,
1005557,4,F,39,0,NA,
1006459,3,M,35,1,NL,
1013566,5,M,41,0,IT,
1009628,11,F,40,1,NA,
1004046,4,M,44,0,NA,
1000324,5,F,43,0,NA,
1004334,6,M,NA,0,US,
1004738,5,F,42,1,NL,
1005229,5,M,39,1,PE,
1008857,3,F,38,1,AR,
1013050,5,F,44,1,IT,
1010165,4,M,34,1,NL,
1003725,4,M,41,1,US,
1013360,10,F,41,1,IT,
1013114,1,F,42,0,IT,
1007296,2,M,NA,0,NL,
1008842,5,F,NA,1,NL,
1001295,2,M,45,1,IT,
1001960,2,M,34,NA,AR,
1006936,7,M,41,NA,NL,
1008182,2,F,35,1,COL,
1010869,4,M,33,0,NA,
1002698,3,M,NA,1,COL,
1013130,6,M,45,1,AR,
1009334,5,M,44,0,COL,
1005775,6,F,39,1,ES,
1007832,5,M,50,1,ES,
1003983,3,M,45,0,COL,
1011832,4,M,38,1,IT,
1007347,4,M,43,NA,PE,
1013932,3,F,47,1,NL,
1009955,7,F,37,1,PE,
1007258,4,F,41,1,COL,
1009924,2,M,43,0,IT,
1003653,7,M,47,1,UK,
1009958,3,M,46,0,UK,
1008230,5,M,39,1,US,
1001081,2,F,45,1,AR,
1006553,5,F,33,0,ES,
1003575,6,M,36,1,IT,
1006742,4,M,41,0,PE,
1011929,1,F,38,1,US,
1003742,4,M,39,0,US,
1013328,2,F,45,NA,NL,
1003065,6,M,NA,0,US,
1010944,5,M,46,NA,ES,
1008748,2,M,40,0,COL,
1011153,3,M,46,0,IT,
1000814,2,M,46,0,UK,
1002611,4,F,45,1,NA,
1000363,5,F,38,1,COL,
1008147,4,F,46,1,US,
1010441,3,M,38,0,UK,
1006196,4,F,38,1,PE,
1010702,3,F,39,1,ES,
1006324,3,M,43,NA,UK,
1005577,6,F,43,1,NL,
1013489,4,M,37,1,ES,
1003686,5,F,30,0,NL,
1000663,3,F,50,1,IT,
1010641,4,M,46,1,ES,
1012186,4,M,42,1,PE,
1006070,3,M,44,1,US,
1003505,2,F,43,0,IT,
1009535,3,F,40,1,IT,
1005807,1,F,36,0,ES,
1008576,5,F,39,0,PE,
1008439,4,M,43,0,NA,
1002278,5,F,41,0,AR,
1007354,4,F,41,0,COL,
1013633,5,M,43,1,AR,
1011714,2,M,37,1,ES,
1000843,3,F,41,1,ES,
1000929,2,F,44,NA,COL,
1012973,5,M,40,1,US,
1009438,3,F,39,0,UK,
1011698,2,F,49,1,UK,
1009051,5,F,44,1,US,
1010318,4,F,50,1,IT,
1008212,1,F,40,0,COL,
1001530,6,F,41,1,US,
1005579,5,F,52,1,PE,
1003154,5,F,37,0,UK,
1002087,4,M,52,NA,IT,
1013682,4,M,36,1,UK,
1010923,4,F,42,1,NL,
1004860,8,M,39,NA,AR,
1006155,6,F,41,1,NA,
1010511,6,F,33,0,NL,
1011710,5,F,42,0,ES,
1008600,2,F,NA,NA,COL,
1003757,4,M,38,1,NA,
1006857,6,F,44,1,NL,
1005522,4,F,40,NA,COL,
1008543,7,M,32,0,UK,
1007868,7,M,54,0,AR,
1009937,3,F,NA,0,UK,
1010729,3,F,36,1,COL,
1010927,4,F,43,0,NA,
1012994,4,F,41,1,AR,
1004339,5,F,49,0,NL,
1001012,6,F,39,0,NA,
1010140,4,F,47,NA,US,
1009262,4,M,38,NA,PE,
1012648,2,F,NA,0,AR,
1010309,2,F,49,0,UK,
1003613,5,F,39,1,NL,
1014061,7,M,NA,1,ES,
1006781,5,M,45,1,NA,
1003816,2,F,37,NA,PE,
1004927,2,M,47,0,NL,
1004856,6,M,45,0,IT,
1011318,5,F,38,0,ES,
1001758,5,M,34,1,UK,
1002828,2,M,35,NA,US,
1013115,8,M,45,1,ES,
1007768,7,F,31,1,NA,
1012837,2,F,NA,NA,NA,
1008572,4,M,45,1,NL,
1006735,6,M,41,1,UK,
1007581,4,M,35,0,NA,
1007932,6,M,38,0,COL,
1011049,10,M,43,1,AR,
1008872,6,M,38,0,IT,
1010758,2,M,44,1,US,
1002883,3,F,36,1,UK,
1010685,3,M,NA,0,NA,
1010656,1,F,40,1,IT,
1005184,2,F,41,0,NL,
1001801,5,F,NA,0,NA,
1008547,4,M,39,0,NL,
1010830,3,F,46,0,ES,
1010384,3,M,36,1,PE,
1012343,3,M,44,0,ES,
1010361,2,M,36,0,IT,
1007169,4,M,40,0,PE,
1005230,3,M,46,1,NL,
1010976,3,F,44,0,ES,
1005168,4,F,45,1,IT,
1010989,4,M,44,1,IT,
1002365,3,F,54,0,IT,
1011322,4,M,44,0,UK,
1008251,3,M,47,0,UK,
1005349,4,F,45,1,COL,
1012182,2,M,42,0,US,
1010602,3,F,35,1,ES,
1006734,3,M,44,1,US,
1003139,4,F,35,NA,NA,
1003668,5,F,52,0,US,
1005369,2,M,46,0,IT,
1011597,4,F,40,NA,UK,
1002811,5,M,41,0,IT,
1002943,5,M,39,1,COL,
1010838,3,F,NA,0,AR,
1003520,4,F,44,1,US,
1013574,6,M,NA,1,NL,
1006561,4,F,43,1,AR,
1008088,3,F,40,0,PE,
1012022,7,F,35,1,NA,
1007737,1,M,45,0,COL,
1008491,6,F,47,NA,US,
1012463,5,F,48,0,IT,
1006249,3,F,NA,0,UK,
1000088,5,F,34,0,UK,
1003959,4,M,46,0,US,
1008250,8,M,41,0,ES,
1002968,3,F,39,1,UK,
1004910,5,M,42,0,ES,
1001945,3,F,36,1,PE,
1006153,3,M,47,1,NA,
1012543,3,M,37,0,IT,
1005872,3,F,37,0,AR,
1010148,4,M,37,1,PE,
1010978,3,M,43,0,AR,
1001975,1,M,41,0,ES,
1007199,5,F,45,1,PE,
1008272,4,M,35,0,NL,
1000860,3,F,50,0,COL,
1004387,5,M,42,1,NL,
1003217,4,M,37,0,US,
1002680,3,F,43,0,AR,
1010322,2,F,42,0,IT,
1002681,3,F,51,0,PE,
1002788,4,F,35,0,ES,
1011011,4,M,37,0,NA,
1009690,4,F,35,0,COL,
1009267,5,F,43,NA,AR,
1010704,4,M,45,1,COL,
1007429,4,F,39,0,NA,
1007368,4,F,44,0,UK,
1006538,2,F,41,1,NL,
1010577,3,M,34,1,COL,
1000881,1,F,38,1,IT,
1007311,4,F,46,1,UK,
1006143,3,M,41,NA,AR,
1006206,6,F,41,NA,COL,
1006112,3,F,45,0,COL,
1005376,3,F,46,1,PE,
1012935,5,M,NA,1,AR,
1008471,3,M,49,1,AR,
1011016,4,M,46,1,COL,
1012487,4,M,NA,1,US,
1006242,6,M,41,0,ES,
1001315,2,M,47,1,PE,
1009092,4,F,43,0,US,
1009329,4,M,31,0,NL,
1010335,3,M,42,0,NL,
1004047,6,M,29,0,NA,
1011181,4,M,NA,0,NA,
1003419,5,M,39,1,PE,
1009519,3,M,35,1,NA,
1013540,4,F,NA,NA,UK,
1010426,3,F,NA,0,NA,
1002258,4,M,NA,1,UK,
1008359,5,M,41,0,NA,
1007787,4,F,41,1,UK,
1007998,8,M,42,0,IT,
1006340,1,F,33,1,PE,
1012545,5,M,50,0,ES,
1005440,2,M,37,NA,ES,
1006247,3,M,42,0,NA,
1012541,2,F,40,0,US,
1013454,2,F,44,0,US,
1013234,7,M,49,NA,PE,
1001587,7,F,46,0,NA,
1013219,2,F,44,1,ES,
1003094,3,M,37,0,NA,
1005310,7,M,48,1,NA,
1004717,4,F,40,1,PE,
1002102,7,M,45,NA,NA,
1007496,5,F,51,NA,COL,
1000005,2,M,37,1,NL,
1011373,4,M,32,0,ES,
1012473,4,F,45,1,NL,
1008347,5,M,35,0,AR,
1006200,3,M,32,NA,US,
1012863,6,F,41,0,US,
1001852,2,F,41,0,COL,
1000718,4,M,41,0,IT,
1006694,4,M,35,0,NL,
1001844,4,F,53,0,NL,
1008508,4,F,NA,1,COL,
1007444,2,M,39,NA,COL,
1003306,2,F,34,0,IT,
1001033,5,M,NA,1,IT,
1001904,4,F,38,0,UK,
1007643,1,F,34,1,AR,
1013510,3,F,48,1,ES,
1007578,1,F,43,0,PE,
1004567,4,M,36,0,NA,
1011328,2,M,32,NA,UK,
1006768,5,M,38,1,NA,
1001646,6,M,37,1,UK,
1008329,4,F,38,1,US,
1004908,2,M,37,0,UK,
1010994,3,F,38,0,COL,
1008615,7,M,42,1,ES,
1010171,4,M,44,0,IT,
1009552,5,M,34,1,US,
1010452,5,M,41,0,UK,
1010346,1,F,42,NA,NL,
1011003,6,M,NA,0,COL,
1007177,4,F,36,0,UK,
1007814,1,F,NA,1,NA,
1003820,3,F,29,NA,ES,
1003390,2,F,NA,1,AR,
1010211,7,M,32,0,PE,
1012884,3,M,40,0,COL,
1005735,3,M,34,0,IT,
1005917,4,M,51,1,IT,
1011715,3,M,44,1,COL,
1010850,6,M,46,0,IT,
1003316,4,F,39,1,UK,
1010627,4,M,37,1,AR,
1006334,5,F,35,1,COL,
1013154,6,M,37,0,ES,
1000372,5,M,48,1,AR,
1010543,4,F,NA,0,UK,
1007301,2,F,25,0,IT,
1001124,2,F,41,0,PE,
1008228,2,M,34,1,NL,
1002409,4,F,48,1,NL,
1006405,4,M,38,1,IT,
1011799,2,F,30,0,NL,
1007660,6,F,41,0,UK,
1000193,3,F,39,0,NL,
1009875,8,F,47,0,NL,
1000150,4,M,34,NA,AR,
1000705,3,M,37,NA,NL,
1004641,8,F,41,0,NL,
1005823,2,F,50,1,NA,
1007170,2,M,47,1,AR,
1012289,2,M,44,0,UK,
1012952,3,M,36,0,US,
1010539,4,M,NA,1,NA,
1007445,4,M,39,0,PE,
1004855,4,M,37,1,PE,
1011482,1,M,44,1,PE,
1007469,5,M,42,0,COL,
1008022,6,M,39,0,US,
1010901,5,F,40,1,NA,
1006510,1,M,45,0,ES,
1001004,3,M,40,1,COL,
1001480,4,F,34,0,IT,
1010094,4,M,48,0,NL,
1011926,4,F,42,0,IT,
1000894,3,M,34,0,NL,
1012698,6,M,42,0,IT,
1003519,7,F,41,1,US,
1011138,5,M,49,NA,COL,
1000168,4,M,45,1,NA,
1008198,3,M,37,1,NL,
1005374,2,F,37,1,US,
1009027,4,F,43,1,US,
1013091,4,F,54,0,PE,
1006484,2,M,38,1,AR,
1006204,2,M,29,0,IT,
1005016,2,F,37,0,NA,
1000160,6,M,NA,0,NL,
1006272,5,F,46,1,IT,
1010835,3,F,38,0,IT,
1006025,6,M,43,1,AR,
1008154,4,F,37,0,COL,
1012912,6,M,47,0,COL,
1008476,5,F,39,1,AR,
1012709,4,F,NA,0,PE,
1009005,3,F,NA,0,ES,
1008808,4,F,46,1,UK,
1001419,3,F,42,1,PE,
1001021,2,M,34,1,PE,
1002229,8,M,39,0,IT,
1009236,1,M,36,0,COL,
1000758,2,M,36,0,PE,
1012518,3,F,40,1,ES,
1006985,4,M,35,1,PE,
1011368,3,F,39,0,US,
1005516,3,M,41,1,IT,
1006751,5,M,47,0,ES,
1013423,4,M,51,1,COL,
1011633,2,F,42,1,PE,
1005407,1,M,40,1,UK,
1011590,2,F,34,0,COL,
1013835,3,M,NA,0,PE,
1010447,5,F,42,1,AR,
1009886,5,F,42,0,COL,
1000996,3,F,45,1,PE,
1007964,2,F,38,1,PE,
1009363,5,M,39,1,US,
1004507,2,F,39,0,PE,
1011606,4,F,34,0,AR,
1009032,3,M,41,1,AR,
1004413,5,F,50,1,IT,
1002356,4,F,37,0,UK,
1006432,5,M,44,0,ES,
1000782,2,F,NA,1,COL,
1005883,6,F,42,1,PE,
1003066,6,F,30,1,PE,
1000946,4,F,46,NA,IT,
1002340,3,M,32,1,IT,
1004196,8,M,25,NA,UK,
1006501,2,M,54,0,NL,
1001705,3,F,47,1,NA,
1008504,3,F,39,NA,NA,
1005179,5,F,29,0,PE,
1005360,3,M,32,NA,IT,
1007751,8,F,37,0,IT,
1013162,4,F,41,NA,US,
1001043,2,F,40,0,IT,
1008755,5,F,37,1,US,
1004698,2,F,46,1,UK,
1011557,4,F,43,1,AR,
1002571,3,M,38,1,PE,
1000879,3,F,38,NA,ES,
1007107,7,M,NA,1,AR,
1008797,3,M,46,1,UK,
1001582,5,F,39,0,COL,
1005048,5,F,46,1,NA,
1013495,7,F,41,1,AR,
1009984,3,F,45,0,PE,
1006856,5,F,44,0,ES,
1012658,4,F,40,1,NL,
1008503,4,F,46,1,COL,
1008944,4,F,48,0,PE,
1001846,3,F,43,0,PE,
1013102,5,F,32,1,PE,
1010871,7,F,37,0,US,
1003529,6,F,41,1,NA,
1013334,8,F,NA,0,IT,
1008617,4,M,47,NA,NL,
1004887,5,M,45,1,AR,
1008432,4,F,47,1,NL,
1012938,2,F,39,1,AR,
1010633,4,F,48,0,ES,
1000741,7,M,46,0,UK,
1000462,4,F,NA,NA,AR,
1001123,2,F,43,0,AR,
1005240,2,M,38,1,US,
1011661,2,M,32,0,AR,
1009636,4,F,40,1,US,
1011851,4,M,53,0,PE,
1005037,7,M,32,0,US,
1011982,2,M,50,0,ES,
1010413,2,M,NA,1,UK,
1007678,4,M,39,NA,UK,
1008239,7,F,39,0,UK,
1009173,5,M,38,0,IT,
1002889,4,M,43,0,PE,
1007282,3,F,33,0,NA,
1012127,2,F,37,0,PE,
1006348,4,M,39,1,PE,
1000592,3,M,41,0,COL,
1011535,5,M,47,1,UK,
1006647,4,F,35,0,ES,
1001608,4,M,43,0,COL,
1007276,3,M,47,0,US,
1013380,5,F,43,1,US,
1001773,6,F,43,1,ES,
1007670,4,F,39,1,US,
1009163,3,F,45,0,ES,
1002314,3,M,49,0,IT,
1000974,2,F,45,NA,NL,
1000162,6,M,36,NA,COL,
1003787,7,F,49,1,PE,
1013463,2,M,43,1,AR,
1009604,5,M,25,0,NA,
1005859,2,M,46,1,UK,
1010053,8,M,42,0,US,
1001189,5,F,43,1,AR,
1007924,5,M,40,0,US,
1009197,4,M,44,0,AR,
1004974,2,M,NA,1,COL,
1008384,5,M,46,1,ES,
1002086,7,M,NA,1,UK,
1011155,5,F,40,1,US,
1002240,5,M,38,1,NL,
1000575,4,F,50,0,COL,
1014027,3,F,43,1,AR,
1006741,3,M,32,0,UK,
1012326,8,F,38,1,IT,
1007689,2,M,51,0,COL,
1010325,4,M,31,1,UK,
1004918,3,F,36,1,ES,
1013521,5,F,NA,1,ES,
1000648,4,F,31,0,AR,
1009214,3,F,39,0,COL,
1013235,1,M,37,1,UK,
1005207,2,M,33,NA,COL,
1001635,2,M,39,0,UK,
1010316,5,M,33,0,COL,
1006321,4,M,42,0,ES,
1012818,4,F,40,0,IT,
1008312,3,F,NA,0,US,
1013879,3,F,40,0,NL,
1006451,6,F,39,1,IT,
1001542,6,F,NA,1,NA,
1009350,3,F,38,1,ES,
1009344,7,M,40,NA,PE,
1005087,5,M,44,1,IT,
1000044,5,M,43,1,PE,
1011919,4,F,NA,0,NL,
1009424,3,M,43,0,PE,
1003462,3,F,36,NA,IT,
1012003,4,F,33,1,US,
1009463,3,F,NA,1,ES,
1007522,5,F,43,0,AR,
1004610,3,M,40,1,COL,
1002809,2,F,37,1,IT,
1002136,3,F,42,1,NA,
1008013,4,M,47,0,US,
1007809,4,M,35,0,NA,
1012112,5,F,45,0,ES,
1001643,2,F,36,0,NA,
1009384,2,M,43,1,IT,
1012829,5,M,43,1,AR,
1013935,3,F,44,1,NA,
1005764,7,M,46,1,US,
1012561,4,F,40,1,IT,
1004009,1,F,36,1,COL,
1013342,2,M,32,1,US,
1011284,6,F,36,0,NL,
1002194,2,M,47,0,IT,
1006542,5,F,35,0,US,
1010575,2,M,42,1,NL,
1004277,3,M,44,NA,ES,
1004174,3,F,39,0,NL,
1008336,3,M,39,1,ES,
1003671,2,M,41,1,ES,
1006165,4,M,42,0,COL,
1011775,4,F,42,1,US,
1006746,3,F,40,0,IT,
1006170,6,M,44,1,AR,
1008319,3,F,42,1,NA,
1011296,5,F,30,0,PE,
1000029,5,M,37,1,NA,
1012424,5,M,36,0,IT,
1010592,2,F,33,NA,AR,
1013083,4,F,43,0,IT,
1008962,2,F,42,1,UK,
1001863,5,M,46,0,AR,
1002203,3,M,44,1,NL,
1006285,5,M,NA,0,NL,
1012192,2,F,41,0,UK,
1004267,2,F,50,1,UK,
1007500,6,M,44,1,NA,
1005674,3,F,40,0,UK,
1005332,6,F,41,NA,PE,
1007811,3,F,37,1,US,
1011752,5,M,38,0,AR,
1012228,2,F,34,1,ES,
1006955,4,F,NA,NA,AR,
1011746,1,F,48,1,NA,
1002629,4,F,NA,0,US,
1004473,2,M,NA,1,ES,
1000134,7,F,41,1,ES,
1012705,3,M,42,0,IT,
1010007,4,M,30,0,UK,
1009513,4,M,45,1,NL,
1009227,8,M,NA,1,NA,
1010235,5,M,39,1,COL,
1004056,3,M,38,0,NA,
1005264,1,M,35,NA,ES,
1010611,2,M,39,0,PE,
1005946,2,M,41,0,UK,
1001800,4,M,37,0,IT,
1010548,2,M,NA,0,AR,
1012252,4,M,41,0,ES,
1000799,2,F,43,0,IT,
1014076,2,F,36,0,UK,
1000538,3,F,44,0,COL,
1008871,4,M,48,0,COL,
1001632,5,F,36,0,ES,
1012668,3,M,39,1,PE,
1001867,2,F,37,1,US,
1011342,5,F,37,0,PE,
1004189,2,F,39,0,NA,
1005960,5,F,33,1,ES,
1012146,1,M,42,1,COL,
1001154,2,M,43,0,NL,
1003535,6,F,45,0,PE,
1000953,4,M,32,1,UK,
1000735,6,M,33,NA,UK,
1010294,3,F,35,1,US,
1013317,3,F,43,1,AR,
1006218,3,F,43,0,UK,
1010764,3,F,50,1,AR,
1003839,8,F,43,1,IT,
1013755,5,M,54,NA,NA,
1012099,5,M,43,0,US,
1008822,4,F,36,0,NA,
1003304,2,M,37,0,IT,
1013582,5,M,37,0,PE,
1007492,3,F,37,0,IT,
1004024,4,M,46,1,AR,
1001967,4,M,40,1,US,
1003194,5,F,51,1,UK,
1012642,8,M,41,1,US,
1012960,5,F,44,0,NL,
1002658,5,F,44,1,COL,
1010613,6,F,47,1,ES,
1007725,4,M,NA,1,NL,
1002130,3,M,46,1,US,
1004759,6,M,49,0,US,
1003822,2,F,44,1,NL,
1006476,1,M,NA,0,UK,
1010279,4,M,41,1,NL,
1012100,1,F,47,1,NL,
1012275,4,M,38,0,NL,
1008070,3,F,42,0,IT,
1013346,2,F,41,1,NL,
1006829,5,M,NA,NA,AR,
1006663,5,F,NA,0,UK,
1011624,3,F,42,NA,ES,
1004187,6,M,40,0,IT,
1007668,3,M,47,0,US,
1013994,3,F,38,0,COL,
1012736,2,M,47,1,UK,
1007762,5,M,45,NA,PE,
1001432,6,F,42,1,AR,
1001750,3,F,44,0,UK,
1013716,2,M,38,1,UK,
1011493,4,M,32,0,ES,
1000572,3,M,39,0,COL,
1002455,2,M,46,1,NA,
1002618,6,M,50,1,NL,
1011317,2,F,41,0,IT,
1013292,7,M,46,0,ES,
1011500,2,F,NA,NA,AR,
1008895,4,M,37,NA,UK,
1009824,5,M,41,1,NA,
1001845,4,F,NA,1,ES,
1011047,4,M,NA,0,NA,
1003834,3,F,42,0,US,
1011333,3,M,32,1,AR,
1013449,3,M,41,0,US,
1011356,3,F,NA,NA,US,
1008918,6,M,41,0,UK,
1008670,3,M,43,0,UK,
1008009,4,M,40,0,ES,
1014067,4,F,43,NA,ES,
1005383,3,F,37,1,IT,
1010008,3,M,45,1,US,
1004704,4,M,41,0,NA,
1011245,2,M,35,0,NL,
1003511,3,M,44,0,COL,
1005203,3,M,NA,0,ES,
1013916,3,F,44,0,IT,
1008371,4,F,45,1,ES,
1004318,3,F,41,1,ES,
1008682,4,M,44,0,PE,
1000430,3,F,43,0,NL,
1011367,4,M,38,NA,COL,
1010412,5,M,44,1,AR,
1013987,2,F,43,0,US,
1009765,5,F,36,1,NA,
1012814,5,M,38,NA,PE,
1013713,5,F,NA,1,UK,
1006118,2,F,38,0,US,
1013005,4,F,42,0,ES,
1012456,7,M,NA,1,NL,
1008650,2,M,36,0,NL,
1013242,4,F,51,1,COL,
1012441,5,M,48,0,PE,
1010024,5,M,39,0,US,
1011128,4,F,37,0,PE,
1013213,6,M,41,1,UK,
1005228,4,M,39,1,US,
1004911,1,F,41,0,NL,
1007465,3,F,39,0,COL,
1004529,3,M,42,NA,US,
1003923,5,M,48,1,PE,
1004036,1,F,40,0,AR,
1001706,6,M,43,0,COL,
1001436,6,F,NA,1,ES,
1013368,4,F,32,1,US,
1013541,3,F,35,0,NL,
1002752,1,F,41,1,NL,
1008016,5,F,52,1,ES,
1008852,4,F,36,0,PE,
1008423,6,F,38,1,NL,
1006890,3,M,42,1,UK,
1006495,3,F,39,0,AR,
1002574,3,F,40,1,ES,
1010178,5,M,41,NA,IT,
1003782,6,M,44,0,AR,
1002009,3,M,39,1,AR,
1012070,2,M,43,1,NL,
1008084,4,F,40,0,AR,
1010330,4,F,35,1,ES,
1005510,4,M,43,1,AR,
1001727,4,F,40,0,ES,
1006878,7,M,43,1,UK,
1006726,3,F,37,0,IT,
1002046,2,F,34,1,NL,
1010561,3,M,38,0,AR,
1011561,6,F,39,0,NA,
1002856,5,M,42,NA,UK,
1006058,3,M,44,1,US,
1007089,6,M,42,1,UK,
1004961,2,F,37,1,UK,
1004027,3,F,40,NA,ES,
1009481,4,M,37,0,AR,
1002664,4,M,46,1,NA,
1003855,4,F,44,1,NL,
1004649,3,F,46,NA,UK,
1001003,2,F,41,0,PE,
1008381,2,M,40,NA,NL,
1001677,4,F,40,0,ES,
1000777,2,M,34,1,PE,
1013773,2,F,38,0,NA,
1012651,3,F,40,0,IT,
1002714,4,F,48,NA,NA,
1012796,5,F,NA,NA,ES,
1004678,6,F,43,0,NA,
1012082,5,F,33,0,IT,
1012394,6,M,36,0,UK,
1010369,8,M,50,NA,COL,
1001557,5,M,26,NA,COL,
1013484,1,M,44,1,ES,
1005311,7,M,46,1,PE,
1003669,6,M,NA,0,COL,
1005737,2,M,32,1,AR,
1012903,3,M,NA,0,UK,
1009309,3,M,NA,0,IT,
1003912,1,M,NA,1,US,
1010747,4,F,NA,NA,IT,
1006309,3,F,38,0,NL,
1012268,1,F,44,1,ES,
1010257,3,F,41,1,NL,
1000677,6,F,41,1,IT,
1006698,7,F,43,0,PE,
1012367,5,F,37,0,PE,
1001926,4,M,NA,1,US,
1008836,3,M,NA,1,UK,
1003740,5,F,NA,0,NA,
1003471,2,M,45,0,AR,
1011227,2,F,40,1,NA,
1009860,5,M,40,NA,ES,
1004084,1,M,39,1,UK,
1002450,4,M,44,1,ES,
1005019,3,M,55,0,NL,
1007196,2,M,45,1,PE,
1000246,3,F,43,1,US,
1001586,4,F,39,0,US,
1011505,6,M,39,0,AR,
1008207,5,F,32,NA,NL,
1006453,4,F,36,0,NA,
1007667,5,F,37,NA,US,
1012864,6,F,NA,NA,IT,
1002173,6,F,40,0,COL,
1009560,6,M,41,0,US,
1002131,2,F,NA,0,UK,
1010852,2,M,36,1,AR,
1008792,6,F,NA,1,ES,
1008395,3,F,38,0,COL,
1010674,3,F,36,0,UK,
1004821,3,F,43,0,PE,
1006203,4,F,42,1,PE,
1001923,4,F,37,1,COL,
1011077,4,M,49,0,NA,
1001988,5,F,46,0,UK,
1003896,6,F,39,0,PE,
1012834,2,M,43,1,UK,
1013912,2,M,44,1,UK,
1010669,2,F,42,0,ES,
1001887,9,M,45,0,IT,
1006469,2,F,35,0,PE,
1007466,4,F,45,0,IT,
1005739,3,F,NA,1,COL,
1010469,6,F,25,NA,NA,
1004272,5,M,37,1,COL,
1005731,4,F,44,0,NL,
1000065,2,M,44,0,NA,
1004938,6,F,52,1,COL,
1002509,2,F,36,0,COL,
1003826,4,M,44,1,IT,
1010457,2,F,NA,0,US,
1004336,4,M,NA,1,US,
1003381,1,F,48,0,PE,
1004134,3,M,47,1,NL,
1008339,5,M,49,0,NA,
1003629,3,M,46,0,UK,
1007236,6,M,35,0,NL,
1012961,2,F,50,1,PE,
1013287,5,M,42,1,NL,
1001300,5,M,41,0,AR,
1009725,9,M,38,0,AR,
1006466,2,F,44,1,AR,
1007007,6,F,29,1,UK,
1008530,6,F,40,1,AR,
1005529,1,M,39,NA,COL,
1013149,3,F,45,1,UK,
1013059,4,F,NA,0,AR,
1000580,4,F,44,0,UK,
1013452,3,M,47,0,NL,
1005542,2,M,40,0,AR,
1000373,5,M,37,1,COL,
1005301,3,M,39,0,NA,
1007057,4,F,42,NA,IT,
1008647,2,M,50,1,US,
1007250,4,M,40,0,NA,
1005271,5,F,42,NA,US,
1011881,10,M,45,1,IT,
1003412,5,M,44,0,COL,
1007790,6,M,38,0,ES,
1002737,6,F,43,0,IT,
1010408,5,M,38,0,US,
1012836,4,M,36,0,ES,
1011733,3,F,30,1,UK,
1011159,3,M,42,NA,NA,
1004237,4,M,43,NA,PE,
1010269,5,F,44,0,UK,
1008973,1,F,36,1,COL,
1009248,2,F,41,1,COL,
1002747,2,F,46,1,UK,
1007245,2,F,35,NA,NL,
1003010,3,F,40,1,US,
1012965,2,F,38,0,UK,
1001695,2,F,40,0,PE,
1004149,7,M,41,1,COL,
1003766,3,F,43,0,COL,
1003383,5,M,43,0,AR,
1006215,4,F,46,0,IT,
1013288,6,F,36,1,US,
1003489,5,M,43,0,IT,
1007963,4,M,32,0,IT,
1010358,6,M,35,0,US,
1004854,3,F,40,1,COL,
1011550,4,F,39,0,IT,
1001760,6,F,39,1,NA,
1001661,3,F,NA,1,US,
1013906,1,M,35,1,NA,
1003249,6,M,42,1,US,
1008699,5,M,35,1,NA,
1002875,4,F,38,0,COL,
1012306,1,M,34,1,NA,
1009780,2,M,39,1,US,
1014048,4,F,29,0,NA,
1001410,5,M,35,0,NL,
1000522,3,F,47,1,NL,
1010102,4,F,44,1,COL,
1009864,1,M,40,0,PE,
1009650,2,M,44,1,IT,
1011560,5,M,42,0,ES,
1004399,2,F,40,0,NL,
1003293,4,M,37,0,IT,
1003999,3,M,52,0,PE,
1007907,2,M,47,1,ES,
1008919,4,M,35,1,NL,
1006284,7,F,40,NA,PE,
1001039,4,M,44,0,UK,
1012925,7,F,48,NA,COL,
1007290,3,F,42,1,NA,
1011383,3,M,41,1,UK,
1013955,2,M,44,0,ES,
1011347,3,M,34,1,IT,
1006479,3,M,45,0,ES,
1000433,5,F,37,NA,PE,
1007556,2,M,36,0,NL,
1007715,5,M,37,1,US,
1011494,6,F,50,0,IT,
1011394,6,M,43,1,PE,
1011243,7,M,44,0,COL,
1004501,4,M,43,0,PE,
1000374,7,M,36,0,US,
1000702,4,F,37,0,NL,
1008644,3,M,40,0,PE,
1006286,2,M,37,NA,NL,
1001053,4,F,NA,0,IT,
1004028,3,F,48,1,IT,
1000936,5,F,36,0,ES,
1009493,4,M,40,0,COL,
1010137,5,M,47,1,PE,
1013075,1,M,46,0,IT,
1011635,4,F,51,0,COL,
1012524,7,M,NA,1,AR,
1010472,7,F,40,0,IT,
1009499,5,M,46,0,PE,
1002642,2,F,NA,0,PE,
1000490,2,M,38,NA,COL,
1004086,2,M,49,0,NA,
1002504,4,F,41,1,US,
1000036,3,F,NA,1,COL,
1006811,5,M,30,0,ES,
1008377,9,F,NA,1,US,
1009596,4,M,34,1,US,
1010512,7,F,39,NA,AR,
1007622,1,F,43,0,NA,
1010832,5,F,31,1,IT,
1001180,6,M,37,0,NL,
1001052,4,M,55,1,AR,
1010360,3,F,35,0,NL,
1008428,5,F,44,0,US,
1006022,3,F,39,0,IT,
1009430,5,F,NA,0,AR,
1002367,4,M,42,NA,AR,
1007572,6,M,35,1,AR,
1007479,4,M,42,1,COL,
1005965,4,M,47,1,US,
1003844,2,M,51,NA,UK,
1008469,1,M,46,0,NL,
1004467,3,M,43,1,NA,
1004930,4,M,41,1,ES,
1011508,2,F,38,1,NL,
1012073,5,F,41,1,US,
1012930,6,M,NA,0,AR,
1001444,2,F,43,1,AR,
1009035,3,F,NA,NA,US,
1003534,3,F,45,0,COL,
1009276,5,M,40,0,NA,
1002766,3,M,43,0,ES,
1003260,5,F,47,0,AR,
1003228,4,F,39,0,NL,
1009058,3,M,41,1,US,
1005906,4,M,39,0,UK,
1009083,5,F,50,0,IT,
1011339,2,F,40,1,PE,
1000610,4,F,33,0,PE,
1001258,3,F,37,0,IT,
1000118,9,M,37,1,ES,
1005609,5,M,39,0,IT,
1011783,3,M,37,1,UK,
1000250,5,F,48,0,US,
1011931,9,M,51,NA,UK,
1004816,5,F,38,1,ES,
1007748,2,M,38,1,NA,
1009111,6,F,35,1,COL,
1012233,4,F,41,0,AR,
1007704,4,F,NA,1,IT,
1012638,5,M,44,0,PE,
1002636,6,F,37,1,PE,
1004218,4,M,40,1,PE,
1011169,4,M,46,1,UK,
1001928,6,F,NA,NA,AR,
1013086,3,M,39,0,ES,
1013851,2,F,35,1,COL,
1006614,3,M,44,0,COL,
1000872,7,F,42,0,AR,
1005726,3,F,52,1,NL,
1005651,4,F,38,1,NA,
1001753,7,M,NA,1,NL,
1005997,3,F,44,0,IT,
1000227,2,M,52,1,UK,
1003714,2,F,45,1,PE,
1003682,5,M,34,0,PE,
1010020,4,M,33,0,PE,
1013303,5,F,41,0,NL,
1008771,7,M,43,1,NL,
1002960,4,M,39,NA,NL,
1006001,3,M,38,0,COL,
1007984,4,M,48,0,IT,
1001687,7,M,NA,0,IT,
1003050,5,M,41,1,UK,
1011043,2,M,41,0,PE,
1009537,3,M,NA,1,IT,
1002771,5,M,40,1,US,
1006147,3,F,44,1,ES,
1004067,3,F,40,0,PE,
1012920,5,F,NA,1,ES,
1004185,10,F,NA,1,ES,
1000041,6,M,42,0,PE,
1001463,3,F,37,1,NA,
1012917,5,M,42,1,ES,
1005337,3,F,39,0,US,
1009057,1,M,34,0,UK,
1004806,3,F,44,NA,AR,
1003277,5,F,48,1,NA,
1006167,5,M,38,1,ES,
1005043,3,F,41,0,AR,
1001067,4,F,35,1,AR,
1011372,4,M,NA,1,ES,
1005309,2,M,41,1,NA,
1007683,6,M,39,1,COL,
1010648,3,M,45,NA,UK,
1013837,2,F,34,0,NL,
1012167,6,F,45,0,ES,
1003553,6,F,39,1,UK,
1007318,4,F,45,1,NL,
1006415,3,M,NA,0,AR,
1009776,3,F,38,0,US,
1008810,5,M,38,1,US,
1009791,6,F,35,1,PE,
1003486,5,F,34,0,AR,
1000019,5,F,40,1,NL,
1009632,3,M,42,1,COL,
1000992,1,M,45,0,PE,
1000948,5,F,NA,1,NL,
1003422,7,M,40,0,PE,
1013384,2,F,NA,0,UK,
1011204,5,F,40,0,UK,
1009752,2,M,45,0,IT,
1013290,2,F,45,0,US,
1010273,3,F,37,1,NL,
1012266,6,F,51,1,US,
1012505,3,M,42,1,NA,
1002106,6,F,33,0,COL,
1011371,4,F,NA,1,NL,
1012320,4,F,41,0,AR,
1007179,5,F,NA,1,COL,
1002506,3,F,NA,0,AR,
1004803,5,M,40,0,PE,
1008575,9,F,39,NA,US,
1011403,4,M,39,1,COL,
1011721,5,M,41,0,ES,
1010224,2,F,31,1,PE,
1004479,3,F,39,1,COL,
1004051,2,M,36,0,AR,
1008499,3,M,41,0,IT,
1013817,3,M,40,0,UK,
1007712,3,M,42,0,COL,
1005931,1,M,46,0,PE,
1000096,8,M,40,0,NL,
1010118,3,F,42,1,PE,
1010667,2,F,33,0,US,
1002624,4,M,37,0,ES,
1001631,4,M,37,0,AR,
1011307,4,M,33,1,NL,
1012040,7,M,33,1,COL,
1012882,5,F,41,NA,NA,
1002743,1,M,48,1,NA,
1012857,4,M,39,0,PE,
1002324,5,F,36,0,ES,
1013450,3,F,36,0,COL,
1000707,4,F,48,1,NL,
1001879,2,F,40,1,ES,
1001268,5,F,47,0,US,
1006629,2,F,40,0,US,
1000723,3,F,39,0,UK,
1000487,1,F,NA,0,IT,
1003354,3,M,NA,NA,ES,
1008883,7,M,NA,NA,ES,
1005679,3,F,31,0,ES,
1009408,5,F,45,0,AR,
1001627,3,M,39,1,AR,
1007505,6,F,42,0,NL,
1013745,3,M,42,0,NA,
1003123,2,F,45,0,IT,
1011076,7,M,NA,0,US,
1003894,5,M,41,1,NA,
1009911,3,F,33,1,PE,
1013700,4,M,41,0,AR,
1003119,3,F,33,1,UK,
1006283,5,M,NA,NA,NA,
1011199,7,M,NA,0,NA,
1004625,3,F,46,0,UK,
1010177,3,M,47,1,ES,
1009721,5,M,39,0,AR,
1005130,2,F,39,0,COL,
1011185,6,M,40,1,IT,
1004201,3,F,43,1,NA,
1011769,3,M,36,0,NL,
1008734,5,F,37,1,AR,
1005461,5,F,42,1,IT,
1011226,4,M,35,NA,NA,
1007659,5,M,34,NA,NA,
1001184,5,F,40,0,NL,
1006718,4,M,34,1,US,
1012042,3,F,36,NA,US,
1001260,7,F,44,1,NA,
1003091,3,F,37,0,PE,
1002346,2,F,39,1,UK,
1003689,3,M,39,NA,COL,
1014014,3,M,42,0,COL,
1001191,1,M,35,1,ES,
1011044,3,F,44,0,PE,
1007307,2,F,52,0,NL,
1007771,7,M,31,0,COL,
1000656,4,F,43,NA,NL,
1006717,4,M,30,1,COL,
1005120,3,F,44,0,AR,
1011445,3,F,33,NA,NA,
1006371,8,F,48,0,UK,
1009127,2,M,41,1,NA,
1003009,1,M,42,0,IT,
1008405,3,M,NA,1,COL,
1006685,8,F,48,0,UK,
1010530,4,F,39,0,UK,
1000183,3,M,NA,1,NA,
1007048,3,M,40,0,IT,
1011039,2,M,39,0,US,
1013176,6,F,34,1,US,
1004709,5,F,32,1,IT,
1011491,5,M,36,1,NA,
1008523,5,M,44,1,PE,
1003748,2,F,48,0,UK,
1001222,4,M,37,0,PE,
1005709,4,M,40,1,ES,
1013309,4,M,40,0,AR,
1009086,4,F,42,1,NA,
1000378,2,M,49,0,AR,
1006037,3,F,NA,0,UK,
1006842,3,F,46,0,UK,
1001085,3,F,38,0,AR,
1000877,5,F,48,1,AR,
1000729,4,F,41,1,IT,
1005748,8,M,39,1,IT,
1000003,6,M,40,1,AR,
1003151,5,F,50,0,NA,
1004304,2,M,37,0,UK,
1007703,4,M,45,1,IT,
1005641,6,M,31,1,UK,
1002273,5,M,40,1,NL,
1004400,4,F,36,1,UK,
1009770,3,F,43,1,UK,
1010446,5,M,33,1,NL,
1001929,3,M,31,0,ES,
1012421,6,M,33,0,COL,
1006562,5,F,40,NA,NA,
1003031,5,M,NA,NA,US,
1001552,2,F,37,1,US,
1004607,2,F,44,NA,AR,
1005536,4,F,41,1,COL,
1008242,5,F,36,0,US,
1011949,3,F,50,1,NL,
1007115,2,F,36,0,NL,
1005354,6,M,40,NA,UK,
1004896,3,M,41,1,UK,
1008030,2,M,41,0,IT,
1007966,4,F,41,1,PE,
1008060,3,M,40,1,NA,
1003863,3,M,NA,1,IT,
1006498,2,M,47,1,AR,
1005971,4,F,37,0,ES,
1012383,2,M,36,0,NL,
1005585,7,F,45,1,COL,
1008668,2,M,NA,0,COL,
1010557,4,F,36,1,COL,
1004233,4,F,44,0,AR,
1009570,4,F,37,1,NL,
1009946,3,M,51,1,AR,
1006336,4,F,35,0,IT,
1009674,5,F,37,0,IT,
1008422,4,F,43,0,UK,
1005348,5,M,47,0,AR,
1004471,3,M,35,0,PE,
1010050,4,M,43,0,ES,
1001698,4,F,39,1,COL,
1002023,3,F,41,1,AR,
1002795,5,M,44,NA,ES,
1003193,4,M,50,NA,NL,
1011089,5,F,37,1,NA,
1000349,3,F,40,1,COL,
1000722,3,F,41,1,US,
1009019,3,F,33,1,IT,
1003237,5,M,44,1,ES,
1006448,5,M,36,0,PE,
1010228,7,F,42,0,ES,
1002612,7,F,46,1,NA,
1009727,7,F,44,1,US,
1002269,2,F,47,0,US,
1007634,5,F,NA,1,ES,
1006796,4,M,34,1,IT,
1005503,3,F,37,1,ES,
1009118,5,F,42,1,COL,
1002651,6,M,42,1,AR,
1002701,3,M,39,1,IT,
1003170,5,F,NA,0,NL,
1008657,2,F,40,1,ES,
1004874,2,M,35,1,COL,
1008869,1,F,46,1,COL,
1007120,2,F,44,NA,COL,
1002855,4,F,50,1,NL,
1010027,3,M,37,1,PE,
1012249,3,M,41,0,ES,
1011348,4,M,40,0,AR,
1013562,4,M,46,1,NL,
1004320,6,F,47,1,PE,
1000978,4,F,44,0,NA,
1003365,4,F,NA,1,COL,
1003550,4,F,41,0,PE,
1011629,5,M,35,1,UK,
1010018,4,F,NA,0,PE,
1002112,4,M,39,1,NA,
1009175,4,M,43,0,PE,
1008051,5,M,31,1,IT,
1001166,2,M,38,1,COL,
1005085,2,M,27,0,ES,
1011631,2,M,32,0,COL,
1006462,2,F,40,1,IT,
1010516,7,M,36,1,NA,
1001657,4,F,35,1,IT,
1003331,3,M,NA,NA,IT,
1010892,2,F,43,1,US,
1012733,3,M,50,1,PE,
1003818,2,M,NA,NA,UK,
1009340,3,M,NA,0,ES,
1007000,8,M,45,0,US,
1007024,5,F,51,0,IT,
1007900,3,F,41,1,NL,
1006367,4,M,NA,1,COL,
1007797,5,F,36,1,US,
1013299,4,M,46,1,UK,
1000641,7,F,42,1,IT,
1004721,3,M,44,0,ES,
1010537,3,M,44,0,US,
1005856,8,M,29,1,US,
1005486,4,M,37,NA,US,
1009722,4,F,52,1,COL,
1010508,2,M,50,NA,NA,
1000621,2,F,40,0,NA,
1007723,3,F,45,0,COL,
1005096,3,M,47,0,AR,
1008475,3,F,54,0,ES,
1014000,7,F,39,1,UK,
1011378,5,M,50,0,PE,
1011953,3,F,42,1,IT,
1005541,2,F,42,1,US,
1002174,5,F,42,0,ES,
1005070,3,M,43,0,AR,
1003455,3,F,35,0,US,
1008945,4,M,NA,0,US,
1008183,4,F,NA,0,ES,
1013519,4,M,46,0,NL,
1007653,3,M,40,0,NA,
1010977,2,M,NA,0,IT,
1001465,4,M,48,1,COL,
1002867,5,M,37,0,PE,
1000501,4,M,NA,1,COL,
1007257,4,M,47,1,PE,
1000989,9,F,31,1,US,
1010907,4,M,42,0,US,
1010004,3,F,39,0,ES,
1008686,3,F,51,1,AR,
1000742,2,F,41,0,IT,
1005797,4,F,41,NA,NL,
1000780,8,M,39,0,NL,
1012725,2,F,41,0,UK,
1003764,3,F,37,1,NA,
1000203,3,F,35,1,COL,
1006879,1,F,48,0,UK,
1012653,5,M,30,0,US,
1014017,3,M,46,NA,US,
1005181,2,M,45,0,NL,
1006590,4,F,47,1,AR,
1010518,4,M,NA,1,NA,
1013580,4,M,41,NA,ES,
1012454,3,M,45,0,US,
1001602,4,F,44,1,NA,
1008204,7,M,33,NA,UK,
1011123,3,M,35,1,US,
1007902,7,F,NA,1,PE,
1008867,3,F,NA,1,US,
1008844,4,F,40,0,NA,
1008187,2,M,36,0,US,
1009143,2,M,44,NA,NL,
1006625,2,M,NA,1,NA,
1013301,4,F,38,1,IT,
1008487,6,F,NA,0,UK,
1002209,5,M,45,1,NA,
1013429,2,F,49,1,PE,
1013370,2,F,38,0,NA,
1007137,3,M,49,1,UK,
1002080,1,M,37,1,ES,
1010284,1,F,35,0,US,
1000442,3,F,40,1,IT,
1007061,2,M,36,0,AR,
1003716,3,F,45,0,US,
1002843,4,M,NA,0,IT,
1006635,1,F,37,1,UK,
1005042,5,M,NA,1,NL,
1001233,5,M,38,0,NA,
1010396,5,F,41,0,US,
1001501,4,M,37,0,NA,
1007365,2,F,43,0,PE,
1012064,1,M,41,0,ES,
1006000,3,F,34,1,IT,
1013841,3,F,49,NA,ES,
1007408,6,M,43,0,ES,
1002501,4,F,32,0,UK,
1009606,5,F,40,1,IT,
1007583,3,M,NA,0,PE,
1013657,2,F,39,1,IT,
1011251,6,F,42,0,NL,
1011649,3,F,37,0,US,
1006782,5,M,44,NA,US,
1002805,2,M,44,1,COL,
1000454,2,F,43,0,NA,
1003605,2,M,41,0,US,
1004234,6,M,47,1,PE,
1011147,4,F,50,1,IT,
1010254,4,M,45,NA,PE,
1009838,3,F,43,NA,NL,
1002047,5,F,46,0,PE,
1000993,2,M,37,1,PE,
1000410,3,F,39,1,PE,
1006252,8,F,50,0,IT,
1000260,4,F,39,0,NL,
1006056,5,F,43,0,NA,
1005307,3,F,42,0,AR,
1009531,6,F,45,0,IT,
1002000,9,M,44,1,NL,
1006499,4,M,38,0,PE,
1005312,5,F,48,1,IT,
1010935,1,M,41,NA,PE,
1005336,4,F,47,1,US,
1005712,4,F,36,0,AR,
1014087,2,M,39,0,PE,
1002799,2,F,42,NA,PE,
1002622,4,F,28,0,UK,
1003141,2,M,43,0,COL,
1009480,3,F,43,0,UK,
1000561,6,F,33,1,UK,
1000868,2,F,NA,0,NL,
1005318,2,F,NA,NA,NL,
1011913,9,M,47,0,AR,
1003864,3,M,44,1,NA,
1011983,7,M,38,1,NA,
1005974,7,F,42,1,US,
1001934,5,F,38,1,COL,
1003485,7,F,40,0,PE,
1012216,5,F,39,NA,US,
1008741,3,F,NA,0,IT,
1011419,2,M,37,0,COL,
1012921,2,M,42,0,AR,
1001566,3,F,43,0,NL,
1006780,4,M,33,0,NA,
1006341,7,F,39,NA,IT,
1003379,2,M,32,0,IT,
1007467,3,F,36,0,IT,
1006909,2,M,45,1,COL,
1001917,6,M,33,1,PE,
1000257,1,M,42,0,PE,
1005935,6,M,39,0,IT,
1004101,6,M,45,0,UK,
1001066,2,M,37,0,COL,
1001763,2,F,43,1,NA,
1000106,3,F,36,NA,PE,
1007591,3,F,38,0,PE,
1010776,4,M,43,1,NA,
1004477,8,F,40,NA,COL,
1008379,8,M,40,NA,US,
1002951,1,F,41,1,US,
1013127,4,F,51,1,IT,
1003851,3,M,41,0,US,
1008693,4,M,41,1,ES,
1012681,3,F,31,NA,PE,
1004888,7,M,32,1,IT,
1000389,3,F,36,NA,IT,
1009589,4,F,44,1,COL,
1009607,3,M,43,0,COL,
1007710,5,M,47,0,IT,
1012237,2,F,39,0,ES,
1012660,9,M,37,1,NA,
1012308,6,M,50,0,AR,
1001638,6,F,39,0,PE,
1001565,5,M,37,1,COL,
1000901,4,M,45,0,UK,
1004880,3,M,40,1,COL,
1005145,4,M,40,0,NA,
1006031,6,M,38,1,AR,
1009996,3,M,36,1,COL,
1002982,2,F,39,1,PE,
1005138,3,F,NA,1,UK,
1013911,5,F,40,0,IT,
1004052,7,F,33,0,AR,
1012566,9,F,43,0,IT,
1009488,3,M,40,1,NL,
1000393,5,M,35,1,AR,
1006300,4,M,46,1,NA,
1001117,4,F,28,1,IT,
1005736,3,F,37,1,NA,
1003214,3,M,41,0,COL,
1002488,5,F,45,1,PE,
1002414,3,M,41,0,ES,
1003498,6,F,41,1,NL,
1013141,5,F,43,1,UK,
1013779,3,M,43,0,NA,
1007071,3,F,44,1,IT,
1013125,5,M,37,1,AR,
1003215,4,F,43,1,IT,
1008564,5,M,40,1,UK,
1003370,7,M,30,NA,COL,
1003532,2,M,39,0,US,
1007516,5,M,43,0,PE,
1009612,3,F,34,NA,US,
1006660,5,F,44,1,ES,
1012364,5,F,NA,0,US,
1007851,4,F,48,NA,NA,
1012071,3,F,NA,1,UK,
1000536,5,F,38,1,PE,
1013332,5,M,43,0,NA,
1010999,2,M,43,0,COL,
1006116,4,F,49,0,UK,
1013981,3,F,38,1,IT,
1011116,6,F,45,1,UK,
1004175,4,M,36,0,COL,
1008200,4,F,NA,0,COL,
1011797,3,F,40,1,US,
1010617,3,F,44,NA,UK,
1004886,3,F,41,NA,NL,
1012008,2,F,32,0,UK,
1006166,3,F,40,1,US,
1013167,3,M,41,0,IT,
1000346,7,F,33,NA,PE,
1013609,7,F,44,1,ES,
1008264,3,M,45,1,NA,
1011097,2,F,38,1,PE,
1003650,3,M,40,0,NL,
1011040,4,M,41,0,AR,
1000691,2,F,42,0,PE,
1013842,3,F,46,1,COL,
1003004,6,F,41,0,COL,
1004670,7,M,48,1,NA,
1001354,4,M,51,0,UK,
1002780,4,M,NA,0,NL,
1007891,3,M,45,1,UK,
1008532,5,F,24,NA,AR,
1011512,6,M,43,0,IT,
1006785,2,F,37,0,PE,
1006601,4,M,46,1,IT,
1010491,5,M,45,0,NA,
1007542,2,F,51,0,ES,
1008959,3,F,38,1,US,
1009823,6,M,NA,1,PE,
1001014,6,M,45,1,UK,
1013888,3,M,37,1,AR,
1008091,8,M,39,1,PE,
1012142,5,F,37,0,US,
1005526,4,M,37,0,IT,
1006925,4,M,41,NA,ES,
1006819,3,F,31,0,US,
1013641,7,M,50,1,NA,
1007095,5,M,44,NA,IT,
1010245,3,F,NA,1,COL,
1003583,4,F,39,0,US,
1010293,5,M,43,1,UK,
1002588,5,M,47,1,US,
1000287,4,F,39,NA,IT,
1004808,4,F,NA,0,COL,
1006619,5,F,41,0,PE,
1006323,1,M,40,0,IT,
1008798,3,M,38,NA,IT,
1013434,1,M,43,NA,UK,
1006225,5,F,26,1,UK,
1012369,5,M,34,0,UK,
1003568,5,M,37,1,US,
1006854,2,F,44,0,UK,
1004796,6,M,34,0,PE,
1003590,3,M,47,0,UK,
1009170,5,M,33,0,COL,
1005050,1,M,46,1,UK,
1009194,4,M,45,0,ES,
1001131,4,F,40,1,NA,
1000035,2,F,33,0,UK,
1004819,7,F,44,1,PE,
1003002,4,M,40,0,NL,
1001441,6,F,47,0,AR,
1005513,1,M,37,1,COL,
1002854,6,F,36,0,US,
1007753,7,F,38,1,ES,
1003879,3,F,46,0,PE,
1012729,4,F,38,0,US,
1008038,5,M,34,1,IT,
1009388,1,F,39,0,US,
1008854,2,M,49,0,ES,
1004486,7,M,28,0,US,
1007222,3,F,43,1,IT,
1008096,5,M,39,NA,IT,
1004726,4,M,43,1,NA,
1001626,5,F,45,0,NL,
1006379,8,F,42,1,PE,
1012565,6,M,NA,1,UK,
1003827,3,M,37,1,UK,
1001961,4,F,41,0,NA,
1004971,6,M,42,1,ES,
1002570,4,F,37,1,UK,
1006697,3,F,35,0,NA,
1012403,3,F,35,1,COL,
1003517,4,M,44,1,PE,
1007996,1,M,42,0,ES,
1005136,4,F,NA,1,AR,
1005051,9,F,44,1,PE,
1008420,4,F,44,1,AR,
1013809,4,M,35,1,UK,
1006715,4,F,NA,0,UK,
1000033,2,M,39,1,NL,
1011545,5,F,44,0,IT,
1007081,4,F,NA,1,NL,
1011602,7,F,40,1,ES,
1006209,5,F,36,1,COL,
1010573,5,F,49,1,NA,
1000586,6,F,40,1,COL,
1011977,4,F,46,1,ES,
1007893,2,M,51,1,NL,
1006793,5,F,40,1,IT,
1001255,3,M,42,0,NA,
1007617,2,F,39,NA,US,
1012395,2,M,43,1,AR,
1002474,6,M,48,1,AR,
1001322,3,M,NA,0,NL,
1001551,8,M,39,0,COL,
1005826,4,F,41,NA,COL,
1009617,4,M,42,NA,AR,
1002115,2,F,45,NA,UK,
1005981,1,F,38,0,ES,
1003793,6,M,45,1,NA,
1009624,5,F,NA,NA,AR,
1013963,3,F,32,1,NL,
1003086,1,M,43,1,UK,
1002375,2,M,42,0,ES,
1002262,2,M,38,1,UK,
1004115,3,M,38,0,AR,
1005011,3,M,47,0,IT,
1006441,2,F,40,1,US,
1002783,2,F,NA,1,US,
1010862,3,F,47,1,UK,
1011250,4,F,38,0,AR,
1007131,1,F,36,0,ES,
1013145,4,M,39,1,NL,
1009769,2,F,38,0,PE,
1010971,1,F,41,0,ES,
1008526,3,M,46,0,NL,
1009743,3,F,47,0,IT,
1001496,4,M,43,1,NA,
1007658,3,F,41,0,AR,
1006938,6,M,44,1,NL,
1012353,3,F,41,1,UK,
1013285,3,F,NA,1,COL,
1000631,5,F,41,0,COL,
1013344,5,M,40,1,UK,
1004713,8,F,38,0,NL,
1010134,6,F,51,1,NL,
1004075,3,F,41,0,COL,
1008976,6,M,48,0,US,
1013786,3,F,43,0,NL,
1010495,5,M,43,1,NA,
1004262,2,M,43,1,AR,
1013726,3,M,47,0,ES,
1009945,5,F,47,1,AR,
1005629,5,F,46,0,AR,
1010126,4,F,45,1,NA,
1003007,8,M,44,0,AR,
1005321,4,F,33,1,UK,
1005741,5,F,41,NA,ES,
1011572,4,M,NA,NA,AR,
1002202,5,F,46,1,NL,
1010045,8,M,40,1,NL,
1000873,4,M,NA,NA,IT,
1013113,5,F,48,0,ES,
1013885,3,F,37,NA,NL,
1003500,3,M,43,1,NL,
1006954,5,F,37,1,NL,
1002445,2,M,42,1,COL,
1007995,3,F,46,0,US,
1007103,6,M,42,0,ES,
1008652,5,F,39,0,AR,
1006264,1,F,37,0,AR,
1004963,2,F,43,0,AR,
1012765,3,M,36,0,NA,
1000695,4,F,46,0,IT,
1009095,8,F,46,1,IT,
1008298,3,M,40,1,AR,
1009273,3,M,36,1,ES,
1008389,4,M,39,1,COL,
1001235,2,M,43,1,COL,
1005910,4,M,45,1,AR,
1002842,6,M,NA,0,ES,
1005453,4,M,44,1,PE,
1002200,3,F,38,0,IT,
1012723,5,M,NA,0,COL,
1002388,5,F,NA,0,ES,
1008781,4,M,37,0,PE,
1012023,6,M,41,1,UK,
1002448,3,M,NA,1,ES,
1011400,4,M,39,0,NA,
1001990,5,M,37,0,COL,
1013124,7,F,41,1,NA,
1003111,5,F,36,1,NA,
1011388,2,F,42,0,IT,
1009758,4,F,35,1,IT,
1009828,4,F,38,0,COL,
1013372,6,F,50,0,AR,
1006822,6,F,29,NA,NL,
1008997,5,M,38,1,IT,
1007030,2,M,36,0,IT,
1005914,1,F,NA,1,NL,
1008462,3,F,45,1,COL,
1011211,5,M,48,0,COL,
1007110,4,F,40,1,NL,
1003144,6,F,33,1,ES,
1011589,5,F,31,1,PE,
1012045,4,M,46,0,NL,
1008669,5,M,41,0,UK,
1006072,4,M,NA,0,NA,
1007259,3,M,48,0,COL,
1006392,4,M,35,1,ES,
1006866,2,M,NA,1,NL,
1001489,3,F,40,1,COL,
1009164,5,M,34,NA,NA,
1005860,4,F,43,0,COL,
1005362,4,F,58,0,ES,
1001922,4,F,39,0,UK,
1007693,7,M,33,0,PE,
1002922,3,F,47,1,UK,
1011355,6,M,41,0,NL,
1001296,1,M,45,0,COL,
1012012,5,M,34,0,NL,
1011109,3,M,33,1,AR,
1008322,5,M,38,1,PE,
1003503,4,F,40,1,NL,
1014004,8,M,42,0,US,
1007056,7,F,38,0,IT,
1008695,3,M,36,1,ES,
1013709,6,M,40,1,UK,
1011825,9,M,34,0,PE,
1008052,3,M,45,0,AR,
1011573,3,F,40,1,US,
1011184,3,M,39,1,IT,
1011801,3,F,41,0,UK,
1006483,4,F,51,1,AR,
1009129,3,F,47,0,IT,
1003628,6,F,51,0,ES,
1004588,2,M,49,0,NL,
1013855,4,M,37,0,IT,
1013039,4,M,50,0,AR,
1012523,4,M,NA,0,US,
1001963,5,F,39,0,US,
1003040,3,M,38,0,PE,
1005498,7,F,41,NA,COL,
1009082,4,F,39,0,NL,
1007417,5,M,39,0,IT,
1013746,3,F,42,1,NA,
1010638,5,M,40,0,NL,
1001494,2,M,39,1,IT,
1007249,3,M,42,NA,NL,
1010906,3,M,42,1,ES,
1005241,4,M,37,0,AR,
1012277,8,F,38,0,PE,
1013467,4,M,41,1,COL,
1006778,6,F,37,1,COL,
1006537,3,M,39,1,COL,
1013275,3,M,42,0,PE,
1012359,3,M,36,0,UK,
1004496,3,M,34,NA,US,
1003077,3,M,45,1,ES,
1013995,7,M,28,1,COL,
1007846,2,F,38,1,ES,
1000887,6,F,39,0,NL,
1003205,3,F,39,0,NL,
1007430,5,M,40,NA,AR,
1005893,7,F,45,0,US,
1011338,5,M,41,0,ES,
1008078,2,M,36,0,AR,
1005033,3,F,43,1,US,
1001340,3,F,29,0,NL,
1014020,2,F,43,1,ES,
1002728,4,M,36,0,AR,
1002302,5,M,38,0,UK,
1004950,5,M,43,0,NL,
1009961,5,F,45,1,AR,
1007224,6,F,44,1,COL,
1005721,1,M,43,0,AR,
1008534,5,F,40,NA,UK,
1007527,8,F,38,0,NA,
1009767,6,F,31,1,UK,
1008517,9,F,51,0,ES,
1011241,3,F,35,0,NL,
1012260,3,F,46,0,UK,
1007957,3,F,NA,0,NL,
1007731,4,F,33,NA,UK,
1011814,5,M,39,NA,COL,
1006375,1,M,42,0,IT,
1005813,2,M,42,1,PE,
1013071,5,F,44,0,UK,
1002480,1,F,39,0,US,
1011599,6,F,42,0,US,
1003610,6,F,50,1,AR,
1004133,6,F,39,0,COL,
1006912,2,M,40,1,NA,
1009922,4,M,41,1,COL,
1001031,2,F,44,NA,US,
1005001,3,M,NA,0,UK,
1013992,5,M,NA,0,PE,
1007156,4,F,40,1,AR,
1000623,5,M,49,0,COL,
1007826,2,F,41,1,NL,
1008287,6,F,40,1,AR,
1013097,3,M,NA,1,AR,
1009565,3,M,33,1,ES,
1008629,4,M,40,1,AR,
1005040,8,M,39,NA,PE,
1002420,5,M,53,1,IT,
1008938,5,M,41,1,ES,
1004397,1,M,33,1,UK,
1002884,2,F,45,1,IT,
1006316,3,M,37,0,NL,
1013111,2,M,41,1,PE,
1003047,4,M,45,1,NA,
1011444,5,F,44,0,COL,
1001182,3,F,45,0,COL,
1009171,5,F,43,0,IT,
1007341,2,M,44,1,NA,
1012690,4,M,37,1,UK,
1011837,4,F,34,0,PE,
1012246,2,M,43,0,COL,
1008455,3,F,49,1,COL,
1008618,5,F,48,1,COL,
1002206,4,M,45,0,UK,
1010086,4,M,48,1,AR,
1010915,1,M,NA,1,US,
1004843,2,M,40,0,NL,
1002171,5,M,42,NA,PE,
1006048,5,M,39,0,IT,
1011541,5,M,NA,1,COL,
1006464,2,F,46,1,UK,
1005502,4,F,39,1,ES,
1000477,3,M,42,1,NA,
1010535,2,F,40,0,COL,
1003555,3,F,43,NA,AR,
1006092,2,M,34,0,AR,
1010138,4,F,40,1,AR,
1007555,4,M,38,0,NL,
1008034,1,F,35,NA,ES,
1009007,2,M,40,1,AR,
1010858,3,M,40,1,NL,
1007279,2,F,37,0,UK,
1001621,6,M,35,0,ES,
1005399,8,F,46,0,NA,
1012656,3,F,41,1,NA,
1000216,3,M,46,1,PE,
1002329,5,M,34,1,COL,
1013586,1,M,32,1,UK,
1005645,7,F,46,1,IT,
1006557,2,F,47,1,IT,
1006045,4,M,41,0,COL,
1009101,1,M,40,0,US,
1012423,2,M,34,0,IT,
1005454,6,F,48,NA,AR,
1006350,2,F,45,0,NL,
1007252,6,M,35,0,ES,
1011868,1,M,38,1,NL,
1003635,8,M,44,1,COL,
1002105,2,M,36,1,NA,
1011165,5,M,37,1,PE,
1012176,3,F,42,1,ES,
1012610,4,F,35,0,IT,
1013462,7,F,NA,0,NL,
1003602,1,F,38,0,NL,
1001851,1,M,46,0,US,
1008145,3,F,42,1,IT,
1000013,2,F,38,0,NL,
1011441,2,F,34,1,NA,
1013270,1,M,42,0,COL,
1008850,3,F,41,0,AR,
1010966,2,F,40,1,NA,
1013517,6,F,NA,1,NA,
1013482,3,M,42,NA,AR,
1006935,5,F,42,0,NL,
1001503,5,F,33,1,COL,
1005611,5,F,32,1,NL,
1006693,5,M,37,0,ES,
1009592,4,F,46,1,COL,
1013643,5,M,NA,1,PE,
1009104,5,M,38,1,COL,
1008036,2,F,42,0,US,
1006719,3,F,38,0,AR,
1011321,5,M,37,1,US,
1013627,4,M,44,0,ES,
1005786,3,F,42,0,PE,
1008676,3,M,36,0,IT,
1003218,6,M,43,1,NL,
1008021,4,F,43,1,NL,
1010215,7,M,36,1,NA,
1004263,3,M,44,1,UK,
1007376,3,F,51,1,ES,
1010142,5,F,40,1,US,
1009983,6,F,39,1,COL,
1001992,2,F,41,NA,AR,
1007438,4,F,39,1,PE,
1009741,4,M,37,0,US,
1009404,8,F,44,0,COL,
1006331,3,M,NA,1,NA,
1005627,5,M,39,1,UK,
1006317,3,F,29,0,NL,
1013694,3,M,34,1,UK,
1002489,7,M,48,1,PE,
1004378,4,F,38,0,IT,
1008220,3,M,45,1,UK,
1007049,3,F,NA,0,US,
1008515,3,F,39,1,ES,
1002179,3,F,55,1,NA,
1004502,4,M,45,0,IT,
1010373,2,F,41,1,PE,
1011038,5,M,44,0,NA,
1000613,3,M,36,NA,NL,
1012183,2,F,43,0,ES,
1003267,7,F,45,1,COL,
1013313,5,M,NA,0,US,
1012597,6,F,42,0,COL,
1008150,5,M,40,0,NA,
1011488,2,F,NA,0,UK,
1012805,5,F,42,0,UK,
1011987,4,F,36,NA,PE,
1005137,4,M,NA,0,US,
1000791,2,F,26,0,NL,
1004534,3,F,29,0,IT,
1001008,2,F,38,0,US,
1010569,4,M,39,1,ES,
1012094,8,F,35,NA,US,
1013361,5,F,35,0,AR,
1005808,4,F,41,1,COL,
1011816,3,F,37,NA,PE,
1004703,1,F,54,0,PE,
1006827,6,F,42,0,ES,
1011850,2,M,42,1,COL,
1010310,2,M,NA,1,COL,
1000604,8,F,41,1,AR,
1003978,5,M,39,1,IT,
1011057,4,M,48,NA,US,
1011704,4,M,39,0,IT,
1012895,7,F,48,NA,AR,
1008765,4,F,43,1,IT,
1001748,7,F,40,1,NA,
1013796,3,M,30,0,IT,
1006480,6,F,36,0,UK,
1001689,2,F,39,0,PE,
1013663,1,M,38,1,ES,
1001306,3,M,NA,0,ES,
1010800,4,M,NA,1,NL,
1001515,4,M,41,0,AR,
1004242,2,M,41,0,PE,
1004383,5,M,37,1,ES,
1003116,3,M,46,1,US,
1013388,1,M,40,1,NL,
1002045,6,M,34,0,UK,
1008513,4,F,34,1,COL,
1013243,5,F,35,NA,NL,
1002905,4,M,45,1,NL,
1010319,1,M,41,0,US,
1011382,3,M,48,NA,NL,
1001853,6,F,41,1,NL,
1000092,6,F,40,1,IT,
1006889,5,F,44,0,NL,
1008868,4,M,32,1,NL,
1012962,1,M,43,0,AR,
1005790,6,F,47,1,COL,
1012532,4,F,42,0,NL,
1005322,6,M,45,0,IT,
1000161,5,M,44,1,IT,
1012337,3,F,41,1,ES,
1005590,3,F,42,0,NL,
1012024,3,F,38,1,COL,
1010663,6,F,49,1,PE,
1008059,6,M,43,0,PE,
1011029,3,M,47,1,NA,
1003036,2,M,36,NA,ES,
1009992,2,M,40,1,COL,
1001735,3,M,37,0,COL,
1003768,9,F,32,0,IT,
1007533,1,M,38,1,COL,
1004441,2,M,40,0,NA,
1002633,3,F,NA,0,UK,
1011459,5,F,42,1,COL,
1005752,5,F,45,1,US,
1012626,4,M,44,1,PE,
1005618,2,M,41,1,US,
1006713,4,M,41,1,COL,
1008860,4,M,37,1,IT,
1010357,2,M,41,1,UK,
1010588,8,F,41,1,NL,
1010615,2,F,39,0,IT,
1006360,2,M,40,1,US,
1004264,2,F,45,1,PE,
1000281,4,M,38,1,PE,
1013766,4,M,45,1,IT,
1007013,3,M,31,1,UK,
1002061,2,M,38,0,COL,
1006977,6,M,47,1,IT,
1000341,3,F,45,1,PE,
1012940,3,F,43,0,COL,
1007807,2,M,41,NA,AR,
1008751,5,M,41,0,IT,
1012852,5,F,42,1,PE,
1011434,5,M,41,NA,IT,
1006110,6,F,NA,0,US,
1003655,2,F,40,1,IT,
1009099,4,F,38,1,NA,
1004192,5,M,47,0,IT,
1009278,3,M,43,1,NA,
1008151,6,F,39,1,COL,
1014088,3,F,50,NA,AR,
1009125,5,M,48,0,AR,
1005368,4,M,39,1,COL,
1000112,5,F,41,0,PE,
1001438,5,F,37,0,IT,
1009925,3,F,35,1,NA,
1009562,1,F,35,1,COL,
1011732,5,M,38,0,NL,
1004307,5,M,37,0,UK,
1013255,2,F,43,NA,COL,
1003837,4,F,38,1,NA,
1000104,1,M,34,1,AR,
1003798,3,M,38,NA,UK,
1007975,6,M,46,NA,IT,
1008321,2,M,44,0,AR,
1002717,4,M,45,0,NA,
1008373,5,M,NA,1,PE,
1005903,7,M,38,1,IT,
1005409,3,M,36,1,PE,
1006765,8,M,41,0,COL,
1000182,4,F,47,1,PE,
1006120,1,F,38,0,US,
1003043,4,F,43,0,US,
1013843,5,F,39,1,ES,
1011467,3,M,39,1,UK,
1006841,4,F,46,1,ES,
1007213,5,M,31,1,NL,
1002222,6,M,50,0,NA,
1010285,3,F,43,1,NA,
1003332,3,M,38,NA,US,
1008280,6,F,44,0,ES,
1005417,6,M,43,1,COL,
1004746,5,M,38,1,NA,
1007207,4,F,38,1,NL,
1013212,5,M,41,1,NL,
1007313,2,F,NA,0,NA,
1010654,1,F,48,0,IT,
1007401,3,M,40,0,NL,
1005657,2,M,48,1,US,
1001977,3,M,42,NA,NA,
1010735,3,M,49,1,NL,
1012096,6,F,48,NA,UK,
1013891,4,F,45,0,UK,
1013880,1,M,47,0,US,
1001834,2,F,50,1,US,
1007267,6,M,51,1,PE,
1005572,5,M,38,0,AR,
1010103,3,M,37,1,US,
1000958,6,M,37,1,NA,
1009773,7,F,38,1,IT,
1001940,6,F,38,1,ES,
1008898,3,M,43,0,COL,
1009598,7,M,37,1,UK,
1000784,2,M,36,1,PE,
1001498,4,F,41,0,COL,
1006230,5,M,47,0,UK,
1004111,6,F,NA,1,NA,
1013785,4,F,35,0,IT,
1006381,1,M,NA,1,COL,
1009413,5,M,48,0,NL,
1010379,4,F,43,1,NA,
1003137,2,M,39,0,COL,
1009783,4,F,42,1,AR,
1009222,2,F,40,1,NA,
1008430,2,F,42,1,UK,
1005005,7,M,NA,0,COL,
1011175,4,M,47,NA,PE,
1005263,2,F,40,1,AR,
1010480,4,F,51,NA,PE,
1012833,5,F,35,1,COL,
1011483,7,M,44,1,PE,
1008589,4,M,NA,1,AR,
1011206,4,F,42,1,COL,
1002552,3,F,33,1,IT,
1013821,3,F,34,1,UK,
1012393,2,M,NA,0,COL,
1003939,5,M,NA,0,NL,
1012714,6,M,NA,NA,NA,
1010618,5,F,43,0,NA,
1009361,2,F,38,1,US,
1004060,4,F,43,1,AR,
1001372,3,M,44,NA,ES,
1013118,3,M,31,1,PE,
1003732,12,M,41,1,US,
1013597,2,M,43,1,AR,
1012873,9,M,38,1,COL,
1000332,3,F,43,NA,PE,
1005160,5,M,46,0,IT,
1012574,6,F,46,1,UK,
1003873,5,F,53,0,IT,
1007873,5,M,NA,0,COL,
1007412,6,M,48,0,UK,
1010595,2,M,38,0,ES,
1009866,3,M,46,1,NA,
1009507,6,F,43,0,COL,
1012885,2,F,NA,0,NA,
1009704,2,F,39,1,NL,
1007757,3,M,29,0,US,
1012730,4,F,41,1,NL,
1012486,4,M,43,1,US,
1008917,6,M,34,1,US,
1003557,2,M,45,0,UK,
1011461,4,F,38,0,IT,
1005405,6,F,33,1,NL,
1012588,4,F,36,1,PE,
1006772,3,F,36,1,AR,
1012163,4,M,51,0,ES,
1000292,6,F,43,1,COL,
1000964,4,F,35,1,COL,
1009198,3,F,38,1,IT,
1009496,5,F,48,0,PE,
1007407,2,M,45,0,PE,
1005133,7,M,43,1,NA,
1006728,4,M,45,0,AR,
1003594,5,M,NA,0,COL,
1005799,5,M,41,0,UK,
1001407,3,F,39,0,AR,
1013958,5,M,44,0,UK,
1005478,2,F,43,1,ES,
1003337,2,F,37,1,ES,
1000143,5,F,NA,0,IT,
1012631,5,F,35,0,US,
1001789,4,F,40,0,PE,
1002729,2,F,37,1,COL,
1009944,5,F,42,0,COL,
1013208,4,M,37,1,ES,
1000473,2,F,40,1,ES,
1001547,2,F,44,NA,NA,
1013488,7,M,44,0,NA,
1008210,8,F,NA,0,PE,
1006389,3,M,37,0,IT,
1010227,5,F,38,1,NA,
1013910,6,F,36,0,PE,
1011810,4,M,35,1,UK,
1011404,3,F,NA,1,NL,
1010149,4,M,41,1,PE,
1011236,6,F,47,0,US,
1000681,6,M,37,0,PE,
1002657,4,F,48,1,ES,
1003814,4,F,NA,0,PE,
1001447,6,M,41,0,NL,
1003480,3,F,42,1,US,
1009968,2,F,44,1,PE,
1005561,3,M,35,1,ES,
1010637,4,M,50,0,AR,
1012089,7,F,39,0,US,
1004342,4,M,38,1,IT,
1000662,5,M,39,0,UK,
1009732,2,F,35,0,NL,
1003799,2,F,45,0,US,
1002201,2,M,35,1,UK,
1004516,3,M,41,0,ES,
1004362,4,F,37,1,US,
1001350,3,F,38,0,NA,
1004592,2,F,NA,0,NL,
1010143,4,F,39,0,IT,
1007051,5,M,54,1,ES,
1013733,4,F,36,0,NA,
1011920,6,M,NA,1,PE,
1002874,2,F,41,1,US,
1012783,3,F,31,1,IT,
1013806,3,F,39,1,IT,
1013998,3,F,37,1,NA,
1012897,3,F,41,1,AR,
1013677,2,M,43,0,AR,
1001225,8,F,42,1,UK,
1001228,3,F,43,1,NA,
1002991,5,M,35,1,NL,
1009474,3,M,43,1,ES,
1009084,7,F,44,0,COL,
1011830,6,F,49,0,IT,
1005676,3,F,32,NA,COL,
1013503,4,F,42,1,IT,
1003579,4,F,46,0,AR,
1013509,2,M,41,0,COL,
1005824,9,M,36,0,PE,
1010435,5,M,44,0,PE,
1001639,4,F,47,1,NL,
1001683,4,F,39,0,NL,
1013324,9,M,45,NA,PE,
1004580,2,F,NA,0,NL,
1002477,4,M,34,0,US,
1010015,6,F,43,0,PE,
1005701,3,F,39,NA,IT,
1009018,6,F,48,1,COL,
1001394,4,F,38,0,IT,
1011547,5,F,44,0,PE,
1011292,2,F,44,1,NA,
1003600,4,F,38,0,PE,
1011731,2,M,39,0,IT,
1012599,3,F,48,0,COL,
1004566,5,M,42,0,UK,
1012861,1,F,39,0,ES,
1001699,4,F,NA,0,COL,
1000598,6,F,40,NA,ES,
1005947,6,M,47,1,PE,
1002178,2,M,39,0,NL,
1006645,5,F,43,0,IT,
1004240,2,F,47,NA,AR,
1002366,3,M,37,1,NA,
1010736,2,F,44,1,IT,
1009687,8,F,NA,1,PE,
1004659,2,F,42,1,NA,
1005319,9,F,41,0,UK,
1012052,5,F,36,0,COL,
1009543,4,M,42,1,NL,
1007756,4,M,32,0,US,
1010841,3,M,55,0,ES,
1011697,5,F,37,0,ES,
1013654,6,M,43,0,IT,
1009658,5,F,46,NA,PE,
1008194,5,F,38,0,AR,
1007877,5,F,45,1,COL,
1012067,5,F,35,1,AR,
1013411,2,F,43,0,IT,
1008424,5,F,28,1,PE,
1009494,3,M,38,1,US,
1009843,4,M,37,0,AR,
1009520,5,F,44,0,COL,
1007102,2,F,45,0,UK,
1002561,3,F,41,1,UK,
1007518,3,F,44,1,UK,
1014057,3,M,36,0,UK,
1010696,4,M,30,1,UK,
1001935,4,M,41,1,UK,
1003324,4,M,41,1,PE,
1003712,4,F,41,0,PE,
1004777,5,M,40,0,ES,
1006314,5,M,39,1,COL,
1005842,5,F,43,0,AR,
1005381,4,F,43,0,COL,
1000762,5,F,46,1,AR,
1009110,8,M,39,1,PE,
1000542,4,M,NA,1,AR,
1012953,6,M,39,1,AR,
1004632,3,F,46,1,NL,
1004381,5,F,39,0,COL,
1011025,3,F,34,1,AR,
1003860,3,M,44,0,NA,
1012043,6,M,37,1,NL,
1002911,4,F,35,1,PE,
1002707,5,M,38,1,NL,
1008889,3,M,NA,0,NL,
1011996,4,M,37,0,IT,
1012433,3,M,41,0,PE,
1009359,3,F,46,1,AR,
1013143,3,M,43,1,IT,
1013064,4,F,45,NA,NL,
1002992,4,F,42,1,NL,
1004104,5,F,49,1,COL,
1003638,7,M,48,1,NA,
1008933,4,F,40,NA,PE,
1004933,2,M,36,1,NL,
1013061,3,M,NA,0,AR,
1003130,10,M,NA,1,NA,
1000382,3,M,49,NA,ES,
1007499,4,F,37,0,AR,
1011357,3,M,35,NA,ES,
1006612,6,F,46,0,PE,
1009294,4,M,40,0,IT,
1003209,3,F,40,1,NA,
1005619,6,M,34,0,NA,
1013717,4,F,43,1,PE,
1002419,4,F,43,1,NA,
1008056,7,M,30,0,NA,
1010180,5,M,NA,0,ES,
1007708,2,M,NA,NA,ES,
1000093,5,M,28,1,NL,
1013984,5,F,42,1,NA,
1006506,5,F,NA,0,US,
1005387,4,F,NA,0,NA,
1011523,6,M,30,0,PE,
1006109,1,M,41,1,AR,
1004037,4,M,26,1,COL,
1001466,2,M,37,0,US,
1006260,4,M,37,0,US,
1005430,5,M,42,NA,US,
1009137,3,M,32,1,NL,
1012740,1,M,32,1,AR,
1003951,6,M,51,0,NL,
1013782,5,M,44,1,AR,
1011728,4,F,39,1,ES,
1008732,5,M,37,1,ES,
1004674,5,F,35,NA,COL,
1012526,6,F,34,1,COL,
1010402,5,M,42,NA,PE,
1005327,3,M,41,NA,UK,
1011004,4,F,31,1,ES,
1003329,3,M,38,0,COL,
1008073,7,F,34,0,PE,
1009786,4,M,46,NA,US,
1006791,6,F,49,1,ES,
1000801,5,F,NA,0,COL,
1010087,3,M,NA,1,PE,
1010069,3,F,42,1,AR,
1004011,6,F,47,0,AR,
1010566,10,M,50,0,NA,
1002126,6,M,50,NA,US,
1010593,2,F,35,1,ES,
1004293,5,F,39,0,AR,
1005284,2,M,47,0,NA,
1001349,3,M,38,NA,PE,
1005477,5,M,37,0,NL,
1001614,1,F,39,1,AR,
1000394,3,M,41,0,NL,
1005210,8,M,43,0,IT,
1007425,2,F,39,0,IT,
1006594,3,F,38,1,COL,
1004296,7,M,38,1,IT,
1012933,2,M,47,0,IT,
1011264,4,F,40,1,NL,
1004326,7,F,34,NA,IT,
1005180,3,F,39,0,COL,
1012767,8,M,41,1,IT,
1000678,2,F,40,1,ES,
1013090,5,M,36,0,AR,
1009639,3,F,41,0,UK,
1009599,1,F,43,0,AR,
1007440,6,F,42,1,IT,
1012754,4,M,39,1,NA,
1008587,4,F,34,1,COL,
1007178,6,M,NA,0,UK,
1003450,7,M,38,1,COL,
1005686,5,M,36,1,AR,
1002823,3,M,36,1,PE,
1012344,7,F,39,1,PE,
1001399,4,M,40,0,AR,
1009237,4,F,NA,0,US,
1002967,4,M,43,0,NL,
1010191,4,M,41,0,UK,
1012038,4,F,NA,1,ES,
1005666,8,M,43,NA,NL,
1012904,4,M,40,0,IT,
1004186,2,F,47,NA,UK,
1003491,3,F,44,1,ES,
1004914,4,F,43,0,AR,
1009356,3,F,44,0,COL,
1007912,2,F,41,1,NL,
1005435,4,F,42,0,PE,
1003961,5,F,36,0,NA,
1001451,4,F,42,1,NL,
1012615,3,M,35,NA,NA,
1009889,2,M,37,0,PE,
1009910,1,M,38,1,UK,
1009825,3,F,NA,0,US,
1012439,2,M,39,1,ES,
1005650,2,M,42,0,UK,
1001215,2,M,35,0,PE,
1013693,3,M,38,1,NA,
1004921,5,F,48,1,NA,
1011214,1,M,42,0,AR,
1009737,4,F,40,0,AR,
1004728,5,F,32,0,NL,
1008911,4,M,38,NA,ES,
1011876,6,F,42,0,AR,
1004250,3,M,33,0,COL,
1004982,3,F,NA,NA,PE,
1006243,2,M,42,0,ES,
1004492,5,F,34,1,PE,
1002117,1,M,50,0,COL,
1005515,3,M,27,1,AR,
1003647,2,F,32,1,ES,
1006567,4,M,39,0,NA,
1004239,5,M,29,0,US,
1011398,4,M,49,0,COL,
1011988,3,M,38,1,NA,
1012101,7,F,40,1,UK,
1002892,1,M,37,1,COL,
1012169,5,F,41,0,IT,
1011821,2,F,37,1,US,
1009526,7,M,38,0,ES,
1001485,7,M,40,1,UK,
1000038,2,F,43,1,PE,
1003407,6,F,33,1,NL,
1001592,2,F,45,1,COL,
1005612,1,F,NA,0,UK,
1005496,6,F,38,NA,US,
1000588,4,M,37,1,US,
1001755,6,F,32,0,UK,
1009041,3,M,43,1,UK,
1000836,2,M,42,1,COL,
1005812,9,M,41,0,COL,
1002897,3,M,41,1,COL,
1005810,6,M,33,1,NA,
1013811,5,M,40,NA,NL,
1006107,2,M,35,0,NL,
1002779,6,F,43,0,US,
1007798,2,F,32,0,ES,
1006669,2,F,43,1,COL,
1001749,3,F,40,NA,IT,
1009525,4,F,39,1,AR,
1013937,4,F,45,1,IT,
1007501,7,F,45,NA,COL,
1009296,1,F,56,0,PE,
1014033,2,M,51,0,NL,
1009085,5,M,40,1,NL,
1001324,4,F,41,NA,NA,
1009648,4,F,NA,0,NL,
1012261,4,M,46,NA,ES,
1007315,7,M,41,NA,NL,
1000344,2,M,45,1,PE,
1011290,3,M,NA,0,ES,
1007297,5,M,44,0,IT,
1003778,5,F,41,1,US,
1007325,6,M,41,0,PE,
1009440,6,F,40,0,ES,
1013520,6,M,40,0,NL,
1008518,2,F,34,1,US,
1009503,5,M,42,1,PE,
1001450,6,M,46,1,AR,
1009533,2,M,38,1,AR,
1012493,2,F,37,1,US,
1006809,2,M,36,1,PE,
1001262,5,F,33,0,NL,
1006261,4,F,36,1,US,
1002471,4,M,46,NA,COL,
1009842,5,M,46,1,PE,
1009103,3,F,37,0,ES,
1000386,3,F,36,1,UK,
1004273,3,M,42,0,PE,
1005898,6,M,38,0,US,
1010129,3,M,42,0,IT,
1013430,2,F,51,NA,AR,
1013931,5,F,40,0,NL,
1000178,2,F,41,NA,NL,
1012500,4,F,43,1,ES,
1001890,4,F,38,1,ES,
1005424,6,M,38,1,ES,
1000505,8,M,43,0,UK,
1007929,4,F,39,1,NL,
1011055,3,M,36,1,IT,
1006020,4,M,43,1,PE,
1009492,5,F,44,NA,NA,
1011426,1,F,45,1,ES,
1000569,4,F,39,1,NL,
1009682,3,F,34,0,UK,
1009339,4,F,36,1,AR,
1005010,3,F,NA,1,AR,
1006915,4,F,35,0,UK,
1010198,2,F,41,1,NL,
1007887,3,F,46,1,COL,
1004616,3,F,42,1,ES,
1003624,4,F,44,1,NL,
1006675,5,F,45,1,AR,
1010314,6,F,40,NA,PE,
1004008,5,F,NA,0,UK,
1004499,3,M,43,0,AR,
1009845,6,M,39,0,UK,
1007770,7,F,41,0,IT,
1007833,3,M,43,1,NA,
1003177,3,F,35,NA,IT,
1002757,2,M,36,1,US,
1000202,2,F,35,NA,NA,
1005352,2,M,41,0,NL,
1007293,4,M,41,1,US,
1003587,1,M,44,0,PE,
1011380,4,M,42,0,AR,
1006443,5,F,53,1,NA,
1006826,2,F,33,0,IT,
1002865,5,M,37,0,NA,
1008796,2,M,42,0,PE,
1002176,2,F,39,1,ES,
1012150,4,F,38,1,COL,
1009305,4,M,39,0,ES,
1007192,7,F,44,1,UK,
1011611,5,F,35,1,IT,
1002369,4,F,38,1,UK,
1001921,3,M,46,1,NA,
1009908,4,F,45,0,ES,
1003813,10,M,41,0,AR,
1006250,3,F,22,1,PE,
1008457,4,M,42,0,ES,
1002930,3,F,50,0,IT,
1004044,3,F,40,1,COL,
1011653,5,F,38,1,NA,
1008935,3,M,35,0,COL,
1012016,3,M,43,1,NL,
1012225,5,M,47,1,AR,
1008496,8,M,39,1,NL,
1008541,5,M,NA,0,UK,
1011640,5,M,33,0,ES,
1010585,2,F,44,1,UK,
1010128,4,M,41,0,COL,
1008101,2,M,41,1,NA,
1008290,6,F,40,1,PE,
1002175,3,F,42,0,NA,
1006843,10,F,37,0,NA,
1002124,6,M,35,0,IT,
1012980,2,M,40,0,NL,
1006404,8,F,47,1,COL,
1000676,4,M,47,0,PE,
1002079,2,M,40,0,COL,
1012495,5,F,40,1,ES,
1010359,3,F,46,1,NL,
1003272,4,F,39,0,COL,
1002284,5,F,43,1,NA,
1008465,6,M,34,0,PE,
1001426,4,M,40,1,UK,
1006440,5,F,41,0,PE,
1007453,7,M,43,1,IT,
1005778,3,M,44,0,US,
1000125,2,M,40,1,PE,
1007730,6,F,36,1,NA,
1013719,3,F,37,0,COL,
1006545,6,M,33,0,UK,
1010507,4,M,41,1,AR,
1001678,5,F,39,0,PE,
1003571,3,M,43,1,ES,
1001220,4,M,NA,1,IT,
1013163,4,M,39,1,AR,
1009020,4,F,38,0,AR,
1010414,7,F,35,1,UK,
1001671,5,M,38,0,AR,
1011149,6,F,36,NA,PE,
1005091,7,F,34,NA,PE,
1011275,2,F,44,1,US,
1005798,4,F,38,1,UK,
1005057,6,M,43,0,ES,
1012702,9,M,47,NA,IT,
1009829,3,M,NA,0,ES,
1002969,6,F,35,NA,NL,
1007121,4,F,46,0,US,
1011891,6,M,NA,0,US,
1003442,4,F,44,NA,AR,
1010699,4,F,46,1,IT,
1007650,1,F,42,0,NA,
1012054,5,F,NA,1,PE,
1003633,6,F,45,0,COL,
1010884,5,F,38,NA,US,
1008241,5,F,NA,0,AR,
1013136,3,M,32,0,ES,
1012887,5,M,47,0,COL,
1000709,2,M,42,1,ES,
1009181,6,F,52,NA,US,
1012000,4,M,44,0,NA,
1008966,7,M,42,0,PE,
1008385,4,F,43,0,AR,
1007086,3,M,42,1,COL,
1005059,3,F,37,1,COL,
1010519,4,M,45,1,AR,
1010647,1,F,32,0,UK,
1008001,2,M,33,0,UK,
1004618,9,F,45,0,US,
1010992,6,M,44,1,PE,
1000197,3,M,47,0,COL,
1012239,4,M,44,1,US,
1005276,5,M,41,0,US,
1007302,5,M,NA,1,UK,
1008688,4,M,NA,1,ES,
1013511,5,M,35,1,COL,
1002547,3,F,38,0,UK,
1005293,3,M,39,0,UK,
1012614,3,M,43,NA,COL,
1011124,4,F,39,1,IT,
1001595,4,F,46,NA,ES,
1011310,5,M,45,1,AR,
1000949,4,F,38,0,IT,
1010597,6,M,40,0,UK,
1004535,5,F,46,0,ES,
1008963,5,M,41,1,PE,
1011522,4,M,30,1,IT,
1011845,6,F,41,NA,NL,
1007350,4,F,44,1,NL,
1009771,2,F,46,1,IT,
1008410,1,M,47,0,NA,
1012901,3,F,38,1,IT,
1005774,4,F,42,1,US,
1000558,6,F,41,1,PE,
1009614,4,M,32,0,AR,
1002985,8,M,41,1,US,
1000765,3,M,43,1,COL,
1009861,2,M,42,0,ES,
1001762,9,F,40,1,ES,
1009898,3,F,42,0,NL,
1001108,4,M,32,0,NL,
1011024,2,M,NA,1,NA,
1002939,4,M,42,1,NL,
1004229,4,F,42,0,PE,
1004172,2,F,44,1,US,
1011190,5,M,41,1,IT,
1010703,3,F,30,1,PE,
1012750,6,M,48,1,UK,
1001158,6,F,35,1,ES,
1011796,6,M,32,1,UK,
1001047,2,F,46,0,COL,
1004815,2,M,35,NA,UK,
1013770,8,F,32,1,NL,
1011215,6,M,45,0,AR,
1010107,6,M,36,1,PE,
1004102,3,M,39,1,ES,
1008066,6,F,40,0,NA,
1005122,4,F,44,0,COL,
1006564,2,M,35,NA,ES,
1011620,6,M,39,1,NA,
1007316,7,M,43,0,AR,
1002575,2,M,38,0,UK,
1001554,4,M,38,1,US,
1013803,5,F,37,0,PE,
1000238,4,F,51,1,PE,
1007749,6,F,32,0,NL,
1010168,3,M,37,0,COL,
1000075,7,F,NA,1,AR,
1013687,4,F,40,0,PE,
1008960,3,M,43,0,IT,
1000920,3,F,51,1,IT,
1012336,2,M,NA,0,UK,
1002847,3,F,38,NA,AR,
1007959,2,F,41,0,UK,
1008449,4,F,41,0,US,
1009479,6,M,40,1,NL,
1010822,6,F,36,0,AR,
1011012,5,M,34,0,PE,
1000853,4,M,41,0,UK,
1014010,4,M,45,0,COL,
1007836,5,M,44,0,AR,
1013862,4,F,49,1,PE,
1010266,3,M,39,1,ES,
1006636,5,M,39,NA,IT,
1006586,2,F,43,0,UK,
1011266,3,F,NA,1,US,
1013200,2,F,40,0,AR,
1012997,5,M,40,NA,ES,
1009094,5,M,30,1,AR,
1010214,6,M,43,0,US,
1000201,4,M,46,NA,IT,
1000361,4,F,52,0,UK,
1013366,3,F,36,1,US,
1010964,7,F,33,NA,IT,
1010547,7,F,38,1,NL,
1011884,6,M,37,0,PE,
1007899,4,M,39,1,IT,
1013157,1,M,38,1,NA,
1002687,1,F,NA,0,PE,
1007283,4,M,41,1,NL,
1013245,7,F,43,0,NA,
1011792,3,F,45,1,PE,
1005927,4,M,40,NA,NA,
1004881,5,F,44,0,US,
1012670,2,M,36,0,US,
1008271,1,F,37,1,UK,
1012450,4,M,39,1,UK,
1008349,8,M,30,1,ES,
1011971,8,M,41,NA,US,
1004925,3,F,NA,1,US,
1007568,6,F,38,0,ES,
1005062,4,F,37,0,COL,
1009584,2,M,44,0,ES,
1004671,3,M,44,0,AR,
1013378,3,F,37,1,NL,
1006180,2,M,39,1,AR,
1004095,6,F,NA,1,NL,
1012087,3,M,31,0,NA,
1012719,6,F,45,0,UK,
1013382,6,F,36,1,NL,
1006349,2,F,31,1,NA,
1012179,5,M,40,0,COL,
1008942,5,M,43,0,NL,
1006004,2,M,43,1,IT,
1010123,6,M,34,1,US,
1008724,3,M,48,1,ES,
1004488,4,F,37,1,UK,
1000400,5,M,40,0,AR,
1007970,5,M,36,1,PE,
1004042,3,M,NA,0,NL,
1000855,6,M,33,1,US,
1007308,5,F,43,1,ES,
1012292,3,F,35,0,AR,
1006814,3,M,36,0,ES,
1011031,6,F,50,1,COL,
1009761,5,M,45,1,NL,
1008433,4,M,48,1,AR,
1010625,5,M,NA,1,US,
1006017,3,F,41,1,UK,
1012349,2,F,38,1,UK,
1007695,2,M,39,1,US,
1012916,2,M,NA,NA,ES,
1004132,2,F,36,0,NL,
1003705,5,M,28,0,NA,
1005878,6,F,45,0,AR,
1013725,2,M,38,0,COL,
1000097,7,F,50,0,ES,
1011379,4,M,54,NA,ES,
1002692,1,F,38,1,NA,
1010223,2,F,50,0,AR,
1003504,2,F,42,0,ES,
1003415,4,F,39,0,NL,
1010949,3,M,NA,0,NL,
1009306,5,F,NA,0,IT,
1006659,3,M,44,1,US,
1009962,3,M,38,1,IT,
1012996,6,M,33,1,IT,
1006654,6,M,46,0,AR,
1000166,4,F,40,0,US,
1011904,5,F,38,0,ES,
1000404,5,M,49,1,IT,
1000340,5,M,38,1,ES,
1008451,3,M,39,1,US,
1008505,4,M,35,0,PE,
1003809,4,M,39,0,US,
1004160,4,M,42,1,ES,
1012649,3,F,39,1,ES,
1001391,2,F,45,0,ES,
1007638,2,M,33,1,NL,
1010101,4,M,36,0,UK,
1005550,5,M,43,1,COL,
1006974,2,M,35,1,NL,
1003095,3,F,35,1,PE,
1002085,5,M,44,0,PE,
1003810,4,M,NA,1,COL,
1011841,5,M,38,0,COL,
1011846,3,F,38,1,ES,
1006216,3,M,38,0,US,
1009311,3,M,47,0,UK,
1005932,3,F,38,0,US,
1002999,9,M,37,1,IT,
1001821,2,M,34,1,IT,
1012322,3,F,39,0,PE,
1012502,4,M,44,1,ES,
1010744,2,M,NA,0,ES,
1012855,4,M,NA,0,NL,
1006921,4,M,33,1,IT,
1002986,6,M,46,0,NL,
1006739,4,M,40,1,IT,
1005055,6,F,35,1,AR,
1007754,2,M,45,0,AR,
1006733,1,M,39,1,PE,
1006337,4,M,40,1,PE,
1002653,3,F,NA,1,COL,
1009323,4,M,35,1,ES,
1010226,4,F,33,0,ES,
1011425,5,F,34,1,COL,
1009038,6,M,43,0,UK,
1006634,3,M,46,0,US,
1000289,5,F,40,1,UK,
1000317,3,M,46,1,IT,
1003582,8,M,34,0,ES,
1013818,4,M,NA,0,NL,
1001577,7,F,41,1,COL,
1013226,4,F,43,0,COL,
1007973,3,M,47,1,COL,
1008497,5,M,47,1,UK,
1003359,5,F,46,1,NA,
1007631,5,F,59,1,IT,
1004608,3,M,41,1,COL,
1000797,3,F,37,0,AR,
1009923,3,F,43,0,COL,
1004454,7,M,38,0,ES,
1001083,2,M,48,0,COL,
1002885,2,F,42,NA,IT,
1013015,4,M,NA,0,ES,
1000269,3,F,43,NA,NL,
1001236,2,M,44,0,NL,
1003226,4,M,43,1,US,
1008511,9,F,34,0,US,
1010961,5,M,34,0,IT,
1010538,6,M,25,1,NL,
1013298,3,F,42,1,IT,
1009539,5,F,39,NA,AR,
1004222,4,F,36,1,NA,
1009416,3,M,NA,0,UK,
1007882,6,M,42,0,COL,
1004392,8,F,40,1,IT,
1000128,2,F,43,0,UK,
1003745,6,M,41,1,PE,
1002914,3,M,44,1,IT,
1001857,3,F,37,0,NL,
1000012,5,F,45,1,PE,
1005452,3,M,47,0,US,
1010090,5,M,34,0,AR,
1013793,2,F,33,1,PE,
1009574,4,M,32,0,US,
1003781,3,M,30,1,NL,
1013593,2,F,37,NA,NL,
1009676,2,M,30,1,PE,
1001836,2,F,37,1,NL,
1004689,1,M,42,1,AR,
1013481,3,M,41,0,US,
1009933,5,M,NA,1,US,
1002382,4,M,45,NA,NA,
1001200,8,M,39,0,US,
1001330,4,F,51,0,ES,
1008510,7,M,NA,1,COL,
1013007,2,M,39,1,NL,
1012587,8,F,45,1,COL,
1003345,2,F,47,NA,AR,
1002944,3,M,35,0,PE,
1001109,3,F,38,0,NA,
1011048,5,F,36,0,AR,
1007344,5,F,NA,1,NA,
1013407,3,F,46,1,COL,
1004432,1,F,38,1,ES,
1008835,3,M,38,1,NA,
1000107,6,F,43,1,US,
1013087,3,F,39,NA,ES,
1002154,3,M,33,1,US,
1002225,3,M,27,0,COL,
1006226,6,M,43,NA,NL,
1009044,2,F,38,0,UK,
1008674,3,F,46,1,UK,
1003958,4,M,38,1,US,
1001187,4,F,38,1,IT,
1013585,2,F,34,1,US,
1002819,3,F,NA,0,ES,
1004771,8,M,43,NA,COL,
1007241,5,M,44,1,ES,
1005952,8,F,45,NA,AR,
1000749,5,M,44,0,US,
1007083,6,F,NA,0,NA,
1008620,2,M,41,NA,IT,
1005330,6,F,NA,NA,PE,
1005350,5,F,NA,1,PE,
1003037,5,F,46,0,UK,
1003700,5,F,38,1,NL,
1006724,7,F,45,0,PE,
1000051,5,F,40,0,US,
1010467,5,M,38,0,COL,
1010650,2,M,41,1,ES,
1003556,4,F,36,1,NA,
1002072,7,F,34,0,PE,
1000026,2,M,45,1,US,
1000627,3,M,48,0,COL,
1010324,3,M,NA,1,PE,
1004922,4,M,41,1,US,
1001308,4,M,43,1,NL,
1008416,5,M,44,NA,NA,
1012485,4,M,41,0,NL,
1005491,4,F,38,NA,UK,
1009868,4,F,33,1,AR,
1003298,7,F,45,0,UK,
1009310,6,F,35,0,COL,
1006132,6,M,45,1,IT,
1008125,5,F,38,0,COL,
1012775,6,M,NA,0,UK,
1004775,2,M,34,0,IT,
1012350,3,F,42,NA,PE,
1003779,2,F,46,0,AR,
1008174,4,F,49,1,IT,
1008739,5,M,36,1,NA,
1011053,4,M,47,0,US,
1006858,2,F,34,0,ES,
1004090,2,M,29,1,COL,
1008733,7,M,45,NA,ES,
1000274,8,F,46,0,IT,
1002607,5,F,43,0,IT,
1009858,2,F,39,1,NA,
1003310,6,M,31,0,AR,
1006376,2,M,34,0,ES,
1004885,2,F,40,0,NA,
1001728,3,F,43,0,NL,
1002759,4,M,34,NA,COL,
1001051,8,M,48,0,AR,
1005110,2,M,43,0,IT,
1002678,5,M,39,1,AR,
1002058,2,M,39,0,ES,
1002589,2,F,45,NA,NL,
1005771,6,F,40,1,IT,
1013444,7,F,38,0,IT,
1010251,2,M,39,0,ES,
1008665,5,M,37,1,COL,
1013711,5,F,37,1,AR,
1001380,7,F,41,0,US,
1011516,3,M,50,1,AR,
1013940,4,F,48,0,NL,
1003675,4,M,41,1,NL,
1000552,4,F,43,1,IT,
1012976,4,M,38,0,IT,
1007144,4,M,42,0,ES,
1008894,8,M,37,0,AR,
1001393,4,M,41,1,AR,
1010297,6,M,49,0,NA,
1006303,3,M,38,0,NL,
1009061,6,M,42,1,US,
1001604,5,M,37,1,US,
1004019,7,F,38,NA,US,
1001211,9,M,42,0,PE,
1009443,2,M,39,1,NL,
1011134,3,F,37,1,COL,
1008619,4,M,33,0,COL,
1007403,6,F,42,1,PE,
1005189,4,M,46,NA,NL,
1012006,6,M,NA,1,COL,
1012770,3,M,42,NA,UK,
1002586,3,M,42,1,IT,
1008630,4,F,45,0,PE,
1002396,6,F,NA,1,IT,
1000740,6,F,39,0,NL,
1009456,2,M,43,0,ES,
1001078,6,M,45,1,PE,
1000042,3,F,44,NA,IT,
1000040,3,F,39,NA,US,
1004236,4,F,44,NA,PE,
1007035,3,F,39,0,COL,
1004157,4,M,42,0,COL,
1007802,4,M,NA,1,US,
1011002,3,M,36,0,AR,
1004867,6,M,35,1,ES,
1007985,2,M,47,0,PE,
1003895,8,F,44,0,AR,
1011202,6,F,46,0,ES,
1002481,5,F,37,0,AR,
1001897,3,M,44,0,PE,
1005661,4,M,37,0,AR,
1012462,6,F,35,1,US,
1001790,5,M,NA,1,IT,
1006964,3,M,39,0,UK,
1003862,6,M,29,0,IT,
1003888,6,F,36,NA,PE,
1011427,3,F,54,0,US,
1005876,2,M,NA,1,IT,
1000697,3,F,39,NA,UK,
1004480,6,M,38,0,AR,
1005607,6,M,39,0,PE,
1009205,6,F,31,1,IT,
1012027,5,M,38,0,ES,
1008129,4,M,36,NA,COL,
1011694,3,F,NA,0,PE,
1009352,3,M,NA,1,US,
1007931,4,F,36,0,US,
1007326,4,F,41,0,AR,
1005021,3,M,46,0,NA,
1008367,2,F,42,1,COL,
1013135,8,F,39,1,AR,
1012400,8,M,44,1,PE,
1007230,5,F,49,1,UK,
1005621,3,M,48,1,UK,
1012325,6,M,40,1,ES,
1004686,6,M,NA,1,ES,
1008273,3,F,46,1,IT,
1010098,5,F,38,0,NA,
1007509,2,M,47,0,ES,
1000643,2,M,42,NA,IT,
1009919,6,F,44,1,COL,
1005065,5,F,39,0,US,
1011108,3,M,34,0,US,
1012569,6,F,34,1,COL,
1006044,5,M,36,1,ES,
1003501,5,F,43,0,IT,
1003528,4,M,41,1,IT,
1011401,3,M,28,1,IT,
1008859,2,M,42,0,UK,
1011976,5,F,37,0,US,
1010765,7,F,39,0,NA,
1004747,3,F,40,NA,PE,
1006568,5,F,35,0,ES,
1006091,4,M,46,0,ES,
1012300,3,F,32,1,NL,
1011981,3,M,45,1,IT,
1003925,3,M,41,0,UK,
1001616,2,M,45,0,COL,
1009189,4,F,53,1,COL,
1011148,5,F,NA,1,ES,
1006861,4,F,55,0,IT,
1013387,2,M,43,0,NL,
1013547,5,F,40,NA,PE,
1003114,5,M,44,1,AR,
1000492,4,M,42,0,COL,
1007613,8,F,40,1,IT,
1000057,5,F,37,1,US,
1007011,4,F,44,0,NA,
1013684,2,M,35,1,ES,
1003340,5,M,41,1,US,
1013815,2,M,38,0,NL,
1002765,4,M,40,1,NL,
1012029,4,M,41,0,UK,
1002055,2,M,40,NA,PE,
1007117,3,F,NA,0,PE,
1013528,4,F,40,1,US,
1004284,4,F,40,1,COL,
1010127,4,M,37,1,US,
1012154,4,M,42,1,US,
1007871,1,F,44,NA,NL,
1011308,3,M,33,0,NL,
1012437,2,F,44,1,AR,
1002753,3,M,NA,1,NL,
1002512,3,M,43,0,US,
1000570,4,M,46,0,COL,
1012386,3,F,39,1,NA,
1013701,3,F,38,0,IT,
1011126,4,F,44,0,NL,
1005648,6,M,47,NA,NL,
1011332,2,M,46,0,UK,
1007109,4,M,44,0,NL,
1010814,3,F,41,0,COL,
1003216,4,F,51,NA,UK,
1000537,6,M,33,0,NL,
1011174,4,M,48,1,IT,
1012571,1,M,30,0,COL,
1002010,4,M,34,0,COL,
1011063,6,F,39,1,IT,
1005297,3,F,41,1,PE,
1010550,1,F,39,0,AR,
1007769,9,F,46,0,NL,
1010378,3,M,40,1,NL,
1001793,8,M,29,1,NL,
1009548,6,M,36,0,ES,
1007212,2,F,35,1,IT,
1007641,3,M,40,0,COL,
1014090,4,M,NA,NA,COL,
1005075,5,F,39,1,NA,
1008553,3,M,35,0,UK,
1001933,5,F,36,1,UK,
1005990,3,F,36,0,ES,
1011921,3,F,35,1,UK,
1006008,7,F,41,1,UK,
1008745,2,F,41,0,UK,
1004985,2,F,43,1,NL,
1006572,5,F,NA,1,NL,
1011705,2,M,42,0,ES,
1006172,4,F,47,0,ES,
1011408,2,M,53,0,NL,
1006251,7,F,38,NA,IT,
1012429,4,M,NA,0,US,
1000247,3,M,46,1,UK,
1011127,5,M,38,1,NA,
1003697,4,F,39,1,UK,
1013401,3,F,48,1,NA,
1007847,4,F,42,0,AR,
1009186,4,M,36,1,ES,
1007349,4,M,49,0,PE,
1013223,7,M,46,1,NL,
1009907,3,F,35,NA,AR,
1011568,4,F,40,1,NL,
1011615,4,M,46,1,NA,
1001732,5,F,43,0,UK,
1000285,6,M,39,1,ES,
1001226,2,F,47,NA,PE,
1004369,2,F,NA,1,NA,
1004333,6,M,43,1,NA,
1010900,5,M,NA,1,COL,
1006853,1,F,41,1,PE,
1008117,6,M,NA,0,UK,
1009775,2,F,47,1,ES,
1003482,6,F,36,1,NA,
1000807,3,F,32,0,UK,
1007721,4,F,NA,0,IT,
1005539,4,M,48,0,NA,
1002581,3,F,39,0,UK,
1010683,6,M,43,0,AR,
1008772,4,M,42,1,NL,
1005787,3,M,38,0,IT,
1004972,5,M,42,1,PE,
1001597,4,M,37,1,AR,
1005305,6,M,42,1,UK,
1008913,7,M,34,0,IT,
1002915,2,M,39,1,PE,
1006587,6,M,46,0,PE,
1012053,4,F,37,0,AR,
1004253,2,M,NA,0,AR,
1003577,2,F,30,1,COL,
1009901,3,F,49,0,ES,
1011627,5,F,36,1,PE,
1005885,3,M,41,0,NA,
1011748,4,F,NA,0,IT,
1011577,5,F,41,1,IT,
1011437,4,F,43,1,AR,
1002359,7,M,31,0,IT,
1010890,5,F,33,0,AR,
1002626,2,M,45,1,IT,
1000922,10,M,42,0,NA,
1000770,8,F,46,0,PE,
1008263,4,M,36,1,COL,
1013924,9,F,45,0,AR,
1006667,1,M,43,0,IT,
1005962,2,M,40,0,UK,
1004780,9,F,44,1,NA,
1005306,5,F,42,0,NL,
1012302,2,M,36,1,UK,
1000020,3,M,40,0,US,
1003621,7,F,42,1,ES,
1012061,4,F,41,0,AR,
1009136,3,F,39,0,US,
1005816,2,F,31,0,NL,
1004786,3,M,43,NA,UK,
1002697,6,F,39,0,ES,
1001367,3,M,43,NA,IT,
1002084,5,M,45,1,IT,
1000564,3,M,49,0,IT,
1004110,2,F,NA,0,NL,
1001186,3,M,35,0,IT,
1008930,6,F,38,0,IT,
1007268,5,F,48,1,PE,
1009148,6,F,47,1,ES,
1010946,2,M,46,0,NA,
1006410,4,M,43,0,ES,
1004274,4,F,NA,0,AR,
1012580,4,F,NA,0,NL,
1006009,2,M,36,1,ES,
1002804,3,M,42,1,UK,
1011537,4,M,39,0,IT,
1009966,2,M,45,1,UK,
1001339,4,M,52,1,UK,
1000288,8,F,28,1,ES,
1006362,3,F,41,0,NA,
1000459,5,M,37,1,NL,
1000990,5,M,46,NA,IT,
1003311,3,M,29,1,IT,
1008112,5,F,38,1,AR,
1003627,3,F,45,0,COL,
1011942,4,F,41,0,NL,
1003473,1,M,41,0,US,
1004517,5,F,36,NA,UK,
1009852,4,M,38,0,US,
1002584,2,M,40,1,PE,
1009920,8,M,37,1,NL,
1004664,7,F,40,1,US,
1004521,2,F,37,NA,PE,
1007503,3,F,34,1,NL,
1010578,3,F,35,0,IT,
1003683,3,F,NA,0,ES,
1005373,2,F,35,1,US,
1001555,4,F,43,1,AR,
1013295,3,M,45,1,ES,
1002104,4,M,37,0,AR,
1006023,3,F,39,0,US,
1010757,3,M,35,1,ES,
1002659,4,M,46,1,IT,
1005290,3,F,37,NA,NA,
1003078,2,F,NA,0,IT,
1003625,3,F,23,1,US,
1010823,2,F,52,1,IT,
1007612,4,F,52,0,COL,
1011690,4,M,NA,0,UK,
1002094,6,M,42,1,IT,
1013732,3,M,NA,1,IT,
1001167,5,M,44,0,PE,
1011350,4,F,39,0,COL,
1009746,3,M,36,NA,ES,
1012465,5,M,35,0,AR,
1007766,1,M,38,0,UK,
1010952,5,F,39,1,NL,
1000463,4,M,46,1,UK,
1010121,2,M,44,1,US,
1010903,4,M,36,0,COL,
1001674,5,M,40,0,ES,
1005976,1,F,42,0,NA,
1005164,5,M,44,1,US,
1009583,3,F,38,1,ES,
1000476,4,M,44,0,IT,
1012506,5,M,38,0,PE,
1003235,8,M,33,1,UK,
1005700,1,F,35,1,COL,
1009497,3,M,NA,0,PE,
1010281,4,M,35,0,PE,
1001562,3,M,45,0,AR,
1012348,5,F,39,0,ES,
1010046,4,M,40,1,AR,
1000353,3,M,NA,1,ES,
1000867,3,M,45,0,IT,
1001016,4,M,39,1,NL,
1011265,5,M,39,1,AR,
1003777,5,M,39,0,NA,
1000207,9,M,NA,1,NL,
1011637,3,F,42,0,NA,
1005358,4,F,42,1,PE,
1013356,3,F,40,0,UK,
1005007,5,M,46,1,AR,
1003107,3,M,33,0,NA,
1002690,2,M,47,NA,UK,
1006160,3,F,39,0,ES,
1012860,4,F,NA,1,NA,
1000839,3,F,35,0,NA,
1012527,2,M,42,1,IT,
1013362,4,F,38,1,US,
1009418,4,F,53,1,NL,
1010904,2,M,32,0,NL,
1000456,3,M,37,1,COL,
1009995,5,M,40,1,NA,
1011858,6,F,37,0,IT,
1013926,1,F,NA,0,IT,
1010078,5,M,41,0,ES,
1000915,2,F,42,NA,COL,
1004669,6,F,40,0,UK,
1003041,3,F,NA,0,UK,
1005151,2,M,47,1,IT,
1009179,8,F,NA,0,IT,
1001229,4,F,NA,1,UK,
1009979,6,M,NA,1,UK,
1007563,3,F,36,1,PE,
1002702,3,M,38,0,NA,
1007458,5,F,47,0,PE,
1012270,2,M,47,1,US,
1007322,4,M,40,1,US,
1004041,1,M,48,0,US,
1007387,5,F,46,0,ES,
1006108,5,F,42,0,UK,
1006911,6,M,37,0,PE,
1013601,7,F,46,0,UK,
1012868,3,F,33,1,US,
1006931,5,F,39,1,NL,
1000273,5,F,35,1,US,
1002169,4,M,39,1,AR,
1008986,3,M,28,1,AR,
1005199,5,M,NA,0,IT,
1006877,3,M,56,NA,COL,
1004145,4,F,42,1,ES,
1007853,3,F,46,1,NA,
1001439,6,F,39,0,UK,
1002305,4,F,40,0,UK,
1001958,3,F,37,1,NL,
1011183,1,M,41,1,PE,
1011353,7,F,40,NA,US,
1007070,4,F,41,1,COL,
1007589,5,M,36,0,UK,
1006942,8,M,41,NA,ES,
1000902,3,M,43,1,ES,
1000069,2,M,47,1,US,
1013390,3,F,38,0,PE,
1009934,2,F,NA,0,ES,
1010040,3,F,33,1,UK,
1003122,6,F,39,0,COL,
1001194,4,F,NA,0,IT,
1007759,3,F,46,0,IT,
1004585,6,M,NA,1,NA,
1006059,2,M,27,0,AR,
1003960,4,F,44,1,PE,
1008466,1,M,33,NA,NA,
1011481,5,F,45,0,AR,
1008097,5,M,35,NA,IT,
1000748,5,F,45,NA,ES,
1009651,5,F,NA,1,AR,
1005754,2,F,33,0,COL,
1004070,5,M,43,0,PE,
1001831,4,M,40,0,IT,
1006848,3,F,40,1,COL,
1012418,3,F,36,0,UK,
1012307,3,F,48,1,UK,
1012041,4,M,36,1,IT,
1009712,3,F,41,0,IT,
1004712,9,M,51,0,US,
1000136,7,F,55,1,AR,
1012943,3,M,35,0,PE,
1004691,4,M,29,1,PE,
1001080,2,M,36,1,US,
1000131,1,M,38,1,PE,
1001809,4,M,46,1,ES,
1003219,3,M,40,1,UK,
1002170,2,M,39,0,COL,
1009477,2,F,46,0,US,
1000375,5,F,48,1,PE,
1009346,6,M,37,0,COL,
1002598,4,M,42,1,UK,
1007287,3,M,NA,0,ES,
1009717,4,F,35,NA,NL,
1012540,7,F,NA,1,PE,
1000617,4,M,48,0,UK,
1007463,2,M,41,1,UK,
